userId,(no genres listed) Avg Rating,Action Avg Rating,Adventure Avg Rating,Animation Avg Rating,Children Avg Rating,Comedy Avg Rating,Crime Avg Rating,Documentary Avg Rating,Drama Avg Rating,Fantasy Avg Rating,Film-Noir Avg Rating,Horror Avg Rating,Musical Avg Rating,Mystery Avg Rating,Romance Avg Rating,Sci-Fi Avg Rating,Thriller Avg Rating,War Avg Rating,Western Avg Rating
1,0.0,4.3,4.4,4.7,4.5,4.3,4.4,0.0,4.5,4.3,5.0,3.5,4.7,4.2,4.3,4.2,4.1,4.5,4.3
2,0.0,4.0,4.2,0.0,0.0,4.0,3.8,4.3,3.9,0.0,0.0,3.0,0.0,4.0,4.5,3.9,3.7,4.5,3.5
3,0.0,3.6,2.7,0.5,0.5,1.0,0.5,0.0,0.8,3.4,0.0,4.7,0.5,5.0,0.5,4.2,4.1,0.5,0.0
4,0.0,3.3,3.7,4.0,3.8,3.5,3.8,4.0,3.5,3.7,4.0,4.2,4.0,3.5,3.4,2.8,3.6,3.6,3.8
5,0.0,3.1,3.2,4.3,4.1,3.5,3.8,0.0,3.8,4.1,0.0,3.0,4.4,4.0,3.1,2.5,3.6,3.3,3.0
6,0.0,3.6,3.9,4.1,3.6,3.4,3.3,0.0,3.6,3.5,2.5,3.3,4.2,3.7,3.6,3.5,3.5,3.6,3.8
7,0.0,3.3,3.3,3.4,3.2,3.2,3.3,0.0,3.1,3.1,3.2,4.0,3.7,3.2,2.6,3.2,3.4,3.3,1.5
8,0.0,3.3,3.5,5.0,4.2,3.2,3.9,0.0,3.8,3.2,0.0,4.5,5.0,4.0,3.5,3.2,3.8,3.7,3.0
9,0.0,3.1,3.8,4.0,4.0,3.7,3.1,0.0,3.4,5.0,4.0,1.8,3.0,4.0,3.2,3.0,2.5,3.5,4.0
10,0.0,3.5,3.6,3.9,3.6,3.3,3.1,0.0,3.2,3.4,0.0,1.8,3.3,2.2,3.3,2.0,3.1,3.8,0.0
11,0.0,3.5,3.6,0.0,0.0,3.4,3.7,0.0,4.2,2.0,0.0,5.0,0.0,4.3,4.2,3.5,3.7,4.3,4.0
12,0.0,4.0,3.0,3.0,0.0,4.3,3.0,0.0,4.6,4.2,0.0,0.0,0.0,0.0,4.6,4.5,4.0,4.5,0.0
13,0.0,4.2,4.2,0.0,0.0,3.3,3.7,0.0,3.5,3.0,0.0,4.0,0.0,4.5,3.7,4.2,3.8,3.5,4.0
14,0.0,3.3,3.4,0.0,3.0,2.7,2.7,0.0,3.7,1.0,0.0,4.0,4.0,4.5,3.6,3.5,3.5,4.2,4.2
15,0.0,3.2,3.3,3.0,2.7,3.4,3.6,0.0,3.7,2.9,0.0,3.8,2.7,3.4,3.9,3.6,3.4,4.1,2.5
16,0.0,3.5,3.8,4.0,4.0,3.7,3.8,4.0,3.7,3.9,4.0,3.5,0.0,3.8,3.7,3.7,3.8,3.7,3.0
17,0.0,4.2,4.3,4.4,4.2,4.2,4.2,3.5,4.2,4.3,3.8,4.2,4.0,4.0,3.9,4.4,4.3,4.4,4.2
18,0.0,3.6,3.6,3.8,3.5,3.5,3.9,3.9,3.9,3.6,3.9,3.3,3.7,4.0,3.7,3.6,3.8,3.9,4.2
19,0.0,2.7,2.8,2.9,2.7,2.6,2.9,0.0,2.6,2.8,3.3,2.3,2.8,3.0,2.7,2.6,2.5,3.0,2.5
20,0.0,2.8,3.4,4.2,3.9,3.7,3.2,3.8,3.8,3.9,1.5,3.1,4.5,3.2,4.0,3.2,2.7,3.5,1.5
21,4.0,3.5,3.7,3.2,3.2,3.2,3.2,0.0,3.0,3.1,3.5,1.8,2.8,3.4,3.2,3.4,3.5,3.6,4.0
22,0.0,2.8,2.3,2.7,2.8,2.5,2.5,2.0,2.6,1.9,4.5,2.5,4.5,2.5,2.2,2.1,2.8,2.3,4.0
23,0.0,3.5,3.4,3.8,3.5,3.4,3.7,3.2,3.6,3.8,4.0,4.0,0.0,4.1,3.3,3.9,3.7,3.8,3.5
24,0.0,3.6,3.7,4.2,4.2,3.6,3.9,0.0,3.7,3.7,0.0,3.6,3.5,3.8,3.5,3.6,3.6,3.7,0.0
25,0.0,4.8,4.8,4.7,4.7,4.5,5.0,0.0,5.0,5.0,0.0,0.0,0.0,4.8,5.0,4.7,4.9,5.0,0.0
26,0.0,3.0,2.7,0.0,3.0,3.2,3.5,0.0,3.2,0.0,0.0,4.0,0.0,4.0,3.0,2.0,3.4,3.0,0.0
27,0.0,3.6,3.6,3.4,3.2,3.4,3.6,0.0,3.8,3.4,4.0,1.5,3.9,4.3,4.1,3.4,3.4,3.6,3.9
28,0.0,3.1,3.2,3.4,3.1,2.8,3.0,3.2,3.0,3.1,3.0,2.8,3.5,2.9,2.9,3.2,2.9,3.3,3.3
29,0.0,4.0,4.2,3.5,4.2,3.6,4.0,4.2,4.2,3.9,5.0,4.2,3.2,4.4,4.3,4.1,4.0,4.3,4.4
30,0.0,4.7,4.8,4.6,4.7,4.6,4.9,0.0,5.0,4.8,0.0,3.0,0.0,5.0,5.0,4.6,4.3,5.0,0.0
31,0.0,4.3,4.0,4.0,4.1,3.9,3.3,5.0,3.7,3.7,0.0,3.5,4.6,5.0,3.8,3.8,4.5,5.0,0.0
32,0.0,3.6,3.6,3.0,3.5,3.7,4.1,4.0,4.0,3.6,0.0,3.3,4.0,3.6,3.7,3.4,3.6,3.3,3.0
33,0.0,4.0,3.9,3.8,3.9,3.8,3.9,0.0,3.8,3.5,5.0,4.5,4.0,3.7,3.9,4.1,3.6,4.1,4.0
34,0.0,3.7,3.8,3.6,2.8,3.2,3.8,2.0,3.2,3.2,0.0,3.4,0.0,3.1,3.1,3.3,3.8,2.1,3.5
35,0.0,4.0,4.2,3.0,4.0,3.9,4.8,0.0,4.2,4.0,0.0,0.0,3.0,5.0,3.6,3.0,4.8,2.0,3.5
36,0.0,2.6,2.8,0.0,1.8,2.3,2.7,0.0,2.6,2.0,3.2,3.0,1.5,3.0,2.3,2.3,2.9,2.9,2.0
37,0.0,3.7,3.8,3.0,3.5,4.1,4.1,0.0,4.1,3.5,0.0,5.0,3.5,0.0,3.0,4.2,4.1,4.0,4.0
38,0.0,3.1,2.9,3.2,3.1,3.2,3.3,5.0,3.3,3.1,0.0,2.0,3.2,4.3,3.1,2.3,3.4,3.7,2.6
39,0.0,4.2,3.9,3.3,3.1,4.0,4.4,0.0,4.1,3.8,3.5,4.5,3.1,3.8,3.6,4.0,4.2,4.0,4.0
40,0.0,3.5,3.5,3.6,3.7,3.6,4.0,0.0,4.2,3.8,0.0,2.7,3.4,4.3,3.7,3.0,3.9,4.0,4.0
41,0.0,2.5,2.7,3.7,3.2,3.4,3.4,1.5,3.4,2.8,4.2,3.0,3.0,3.3,3.3,2.3,3.3,2.9,4.0
42,0.0,3.4,3.5,4.0,2.9,3.4,3.7,4.3,3.8,3.6,3.5,3.0,3.9,4.0,3.6,3.2,3.6,3.8,3.9
43,0.0,4.3,4.7,5.0,4.9,4.5,4.2,0.0,4.4,4.9,0.0,4.6,5.0,4.5,4.5,4.7,4.3,4.0,4.0
44,0.0,3.5,3.4,2.8,2.3,3.4,4.0,0.0,3.6,2.3,0.0,2.3,3.0,3.0,3.4,3.1,3.2,0.0,0.0
45,0.0,4.0,4.0,4.4,3.9,3.7,4.2,4.0,4.0,3.8,0.0,4.0,4.3,4.2,3.9,3.7,4.0,4.4,3.7
46,0.0,3.9,4.1,5.0,5.0,3.9,4.0,0.0,4.0,4.7,0.0,4.5,5.0,4.3,4.5,4.0,3.9,4.3,4.3
47,0.0,2.8,3.0,0.0,3.0,2.5,3.3,3.3,3.2,2.5,0.0,2.1,2.9,2.7,2.9,2.8,2.8,3.5,3.5
48,0.0,4.0,4.0,4.4,4.4,4.2,4.2,0.0,4.0,4.5,0.0,4.3,4.2,4.5,4.0,4.2,4.0,0.0,0.0
49,0.0,4.4,4.2,4.0,4.1,4.0,4.2,0.0,4.4,0.0,0.0,4.2,0.0,4.2,4.0,4.3,4.2,4.2,0.0
50,2.8,2.5,2.5,2.6,2.3,2.6,2.9,3.1,3.0,2.8,3.5,2.6,2.6,3.2,2.8,2.6,2.8,3.5,3.2
51,0.0,3.5,3.6,3.1,3.1,3.8,3.8,5.0,4.1,3.9,4.2,3.8,3.6,3.7,4.0,3.8,3.5,4.3,3.6
52,0.0,4.5,4.6,4.5,4.5,4.4,4.6,4.5,4.4,4.5,0.0,4.3,4.7,4.7,4.4,4.6,4.6,4.4,4.0
53,0.0,5.0,5.0,0.0,0.0,5.0,5.0,0.0,5.0,0.0,5.0,5.0,5.0,5.0,5.0,5.0,5.0,5.0,0.0
54,0.0,2.9,3.0,3.0,2.8,2.9,3.1,0.0,3.1,3.0,0.0,4.0,3.0,3.0,3.2,3.0,3.0,3.3,3.0
55,0.0,2.9,2.6,0.5,1.2,2.6,4.4,0.0,2.9,1.8,0.0,0.0,0.5,3.5,0.5,1.3,4.1,2.2,0.0
56,0.0,3.6,3.9,5.0,4.0,3.9,3.5,0.0,3.9,3.3,0.0,3.7,5.0,4.0,4.2,3.6,3.8,4.3,0.0
57,0.0,3.2,3.4,3.8,3.3,3.4,3.5,4.0,3.5,3.4,4.2,2.8,3.7,3.8,3.4,3.1,3.2,4.1,3.7
58,0.0,3.8,3.8,4.4,4.3,3.8,3.6,0.0,4.0,4.0,0.0,2.3,4.4,4.5,4.0,3.7,4.0,4.2,3.3
59,0.0,4.0,3.7,3.0,3.0,4.0,4.2,4.5,4.7,3.2,4.7,5.0,0.0,4.5,4.6,3.8,4.4,4.7,0.0
60,0.0,4.0,3.5,3.5,3.4,3.5,4.0,0.0,3.9,3.0,0.0,0.0,3.5,3.5,3.4,0.0,3.5,4.0,0.0
61,0.0,3.9,4.0,0.0,0.0,3.5,4.2,0.0,4.2,4.2,0.0,4.0,0.0,4.4,3.1,3.7,4.2,4.2,3.9
62,4.5,4.0,3.9,3.4,3.6,3.9,4.5,0.0,4.3,3.9,4.5,4.0,3.4,4.2,3.8,4.0,4.2,4.2,4.5
63,0.0,3.6,3.5,4.2,3.8,3.8,3.8,4.4,3.6,3.6,4.4,3.0,4.2,3.9,3.5,3.4,3.5,3.5,4.0
64,0.0,3.7,3.8,3.9,3.8,3.7,3.9,4.1,3.9,3.8,4.0,3.7,3.8,3.7,3.7,3.5,3.7,4.3,3.9
65,0.0,4.0,3.8,0.0,0.0,3.7,4.2,0.0,4.1,3.6,0.0,0.0,0.0,4.2,3.7,4.1,4.1,3.8,0.0
66,0.0,3.8,3.9,4.2,4.0,4.0,4.1,0.0,4.2,4.1,4.9,3.9,4.2,4.2,4.3,3.8,4.0,4.4,4.6
67,0.0,4.1,3.6,3.9,3.9,4.3,4.2,0.0,4.0,3.1,0.0,0.0,0.0,3.5,3.9,4.1,4.2,4.3,3.8
68,0.0,3.3,3.4,3.3,3.1,3.2,3.2,3.8,3.2,3.3,3.8,2.8,3.0,3.1,3.3,3.2,3.2,3.3,3.4
69,0.0,4.4,4.3,0.0,0.0,4.7,4.6,0.0,4.3,5.0,4.0,3.8,0.0,4.6,4.2,4.4,4.2,4.0,5.0
70,0.0,3.8,4.4,4.0,4.6,4.1,4.4,4.5,4.4,4.6,0.0,4.5,0.0,4.0,4.5,4.2,3.0,4.3,4.0
71,0.0,3.9,3.8,5.0,3.8,3.6,3.2,0.0,3.1,4.0,0.0,0.0,3.0,3.5,3.9,3.4,3.7,4.0,0.0
72,0.0,4.1,4.2,0.0,0.0,3.8,4.5,0.0,4.2,0.0,0.0,4.3,0.0,4.4,4.1,4.2,4.2,4.4,4.0
73,0.0,4.1,4.0,3.4,3.4,3.5,4.1,0.0,3.9,3.7,0.0,3.8,3.1,4.4,3.4,3.9,4.1,4.8,4.8
74,0.0,4.1,4.2,0.0,0.0,4.4,4.3,5.0,4.3,4.5,4.8,3.6,4.0,4.3,4.2,3.9,4.2,4.2,4.1
75,0.0,3.2,3.4,4.2,4.2,3.8,3.2,0.0,3.0,3.4,0.0,3.5,4.3,3.0,3.2,2.9,3.2,2.4,4.5
76,0.0,3.2,2.5,0.6,0.8,2.6,3.7,3.5,3.2,2.0,0.0,3.9,0.8,3.6,1.7,3.2,3.6,3.1,2.8
77,0.0,4.4,4.9,5.0,5.0,3.6,3.5,0.0,3.3,4.8,0.0,0.0,0.0,2.1,3.2,4.0,2.9,0.0,0.0
78,0.0,3.3,3.0,2.2,2.5,3.2,3.3,0.0,2.8,2.5,0.0,2.5,1.5,2.3,3.5,3.0,3.1,3.0,2.0
79,0.0,4.2,4.2,0.0,0.0,4.1,4.5,4.3,4.0,4.0,5.0,4.2,4.5,4.5,4.0,4.4,4.2,4.0,0.0
80,0.0,4.4,4.2,4.0,4.0,3.8,4.4,0.0,4.3,4.3,4.0,4.1,0.0,4.5,4.4,4.2,4.3,4.1,0.0
81,0.0,2.8,2.5,2.0,2.0,1.9,2.7,0.0,2.9,1.0,0.0,0.0,2.0,4.0,2.3,3.8,3.1,2.7,0.0
82,0.0,3.5,3.4,3.0,2.6,3.5,3.5,3.0,3.3,3.2,1.0,3.4,3.2,3.1,3.4,3.5,3.3,3.9,3.6
83,0.0,3.0,3.2,3.4,3.2,3.0,3.4,2.0,3.6,3.2,0.0,2.5,4.1,3.3,3.7,3.4,3.1,3.4,0.5
84,0.0,3.6,3.6,3.0,3.4,3.5,3.7,3.8,3.9,3.6,3.7,3.5,3.8,3.9,3.7,3.4,3.6,4.4,4.0
85,0.0,1.0,5.0,0.0,5.0,3.3,2.0,0.0,3.8,5.0,0.0,0.0,0.0,3.7,4.0,2.0,3.0,3.7,0.0
86,0.0,3.9,3.9,4.0,4.0,4.1,4.1,0.0,3.9,3.9,0.0,4.0,4.0,4.2,3.9,3.9,3.9,3.2,4.0
87,0.0,3.0,3.9,4.3,3.8,4.2,0.0,0.0,3.9,4.3,0.0,3.5,4.0,4.0,4.2,3.6,3.7,0.0,0.0
88,0.0,4.2,4.6,0.0,0.5,3.2,4.6,0.0,4.2,4.7,0.0,4.2,0.0,4.2,3.5,3.8,4.3,4.2,4.0
89,3.0,3.4,3.5,4.0,3.9,3.5,3.3,4.5,3.4,3.5,0.0,4.2,3.1,3.7,3.1,3.4,3.7,3.5,4.5
90,0.0,4.0,3.8,3.0,3.5,4.0,4.4,4.2,4.2,3.5,0.0,4.0,4.3,4.0,4.3,4.0,4.0,4.0,0.0
91,0.0,3.6,3.6,4.0,3.3,3.1,3.5,3.5,3.3,3.8,3.5,3.8,3.1,3.8,3.0,3.7,3.7,3.3,3.6
92,0.0,3.5,3.9,4.0,4.0,4.1,3.0,0.0,3.8,4.5,0.0,3.8,4.5,4.0,4.4,3.7,3.5,4.2,0.0
93,0.0,4.3,4.2,3.8,4.1,4.1,4.4,0.0,4.5,4.3,0.0,4.3,4.0,4.5,4.3,4.5,4.4,5.0,4.0
94,0.0,3.0,3.3,4.0,3.7,2.7,3.2,0.0,3.3,2.8,0.0,2.0,4.0,3.3,2.3,3.3,3.2,3.8,3.3
95,0.0,4.2,4.2,4.7,4.2,3.8,4.1,4.5,4.2,4.0,4.0,3.3,3.7,4.2,4.2,4.3,4.1,4.2,0.0
96,0.0,3.9,3.9,5.0,4.2,4.0,4.5,0.0,3.9,3.6,5.0,4.0,4.0,4.4,3.5,3.8,3.8,4.0,4.0
97,0.0,4.2,4.3,4.5,4.3,4.1,4.5,0.0,3.9,5.0,0.0,5.0,0.0,0.0,4.4,4.4,4.5,3.8,0.0
98,0.0,3.6,3.6,4.0,3.8,4.0,4.2,0.0,3.9,3.4,0.0,4.3,3.8,4.6,3.9,3.7,3.9,4.7,0.0
99,0.0,3.8,4.0,5.0,5.0,3.9,4.1,0.0,4.4,0.0,0.0,3.3,5.0,3.7,4.7,2.8,4.0,3.5,4.3
100,0.0,4.0,4.0,3.5,4.0,3.9,4.1,0.0,4.0,4.0,0.0,2.4,4.1,3.7,4.1,3.6,3.6,4.0,4.3
101,0.0,3.3,3.3,4.0,4.0,3.4,4.0,0.0,4.1,3.7,0.0,3.6,4.0,4.0,3.0,3.9,3.5,0.0,0.0
102,0.0,3.1,3.1,4.0,3.8,3.6,3.4,0.0,3.5,0.0,0.0,3.5,4.0,3.7,3.3,2.8,3.3,3.7,3.4
103,0.0,3.7,3.5,3.7,3.6,3.8,4.4,3.5,4.2,3.6,4.8,3.6,3.9,3.8,3.8,3.5,4.0,4.2,4.4
104,0.0,3.1,3.5,3.9,3.8,3.6,3.5,0.0,3.5,3.7,4.5,2.4,3.7,3.5,3.7,3.3,3.3,3.3,2.8
105,4.8,3.9,3.9,4.3,4.1,4.0,4.2,4.5,4.2,4.0,4.2,4.1,3.9,4.2,4.0,4.0,4.1,4.1,4.0
106,0.0,4.3,4.4,4.2,4.1,4.7,5.0,0.0,4.4,4.5,0.0,3.5,0.0,4.5,5.0,3.9,4.1,0.0,0.0
107,0.0,3.6,3.8,4.0,4.0,3.7,3.7,0.0,4.2,4.0,0.0,4.0,0.0,4.0,4.2,3.4,3.7,4.3,4.3
108,0.0,3.6,4.0,3.5,4.0,4.1,4.6,0.0,4.2,3.0,0.0,2.0,5.0,4.8,4.0,4.2,3.8,3.5,5.0
109,0.0,3.2,2.9,3.0,3.0,3.0,3.6,3.0,3.4,2.9,3.0,3.2,3.2,3.4,3.4,2.9,3.3,3.8,3.3
110,0.0,3.3,3.7,0.0,2.0,3.8,4.0,5.0,3.9,0.0,0.0,2.2,0.0,3.9,3.8,2.7,3.6,3.9,0.0
111,3.0,3.4,3.3,3.1,3.2,3.4,3.6,4.3,3.3,3.2,0.0,2.0,3.3,2.8,3.3,2.9,2.9,4.1,3.4
112,0.0,4.1,3.9,3.5,3.0,2.6,3.8,0.0,3.6,3.5,0.0,4.2,3.5,4.6,2.2,4.2,3.8,3.6,4.0
113,0.0,3.1,4.4,4.0,4.4,3.6,3.8,0.0,3.8,3.7,4.5,3.3,4.2,3.6,3.7,3.2,3.5,4.6,0.0
114,0.0,3.2,3.3,3.1,3.2,3.5,3.8,0.0,3.7,3.3,0.0,4.0,3.5,2.2,3.0,3.3,3.6,0.0,0.0
115,0.0,3.8,3.7,3.9,3.9,3.7,3.6,0.0,3.9,3.3,4.0,3.8,4.0,4.1,2.9,3.9,3.8,4.1,4.3
116,0.0,3.8,3.5,3.5,3.2,3.4,3.2,0.0,3.1,3.2,0.0,3.1,3.9,3.8,3.6,3.6,3.5,3.0,4.5
117,0.0,3.1,3.2,3.7,3.5,3.4,3.2,0.0,3.5,3.3,0.0,3.8,3.8,3.3,3.4,3.2,3.2,3.9,3.8
118,0.0,3.5,3.3,0.0,0.0,3.5,3.9,0.0,4.0,0.0,0.0,3.0,0.0,3.5,2.5,4.0,3.8,4.0,4.0
119,0.0,4.1,4.2,4.1,4.1,4.1,4.3,3.9,4.3,4.0,4.0,4.0,5.0,4.3,4.3,4.0,4.2,4.4,3.9
120,0.0,3.6,3.6,3.0,3.0,3.2,5.0,0.0,3.6,2.7,0.0,3.0,2.7,3.0,3.0,3.8,3.3,0.0,0.0
121,0.0,3.2,3.0,3.5,3.5,3.2,3.9,3.0,3.4,2.6,0.0,3.0,3.0,3.0,3.4,3.0,3.3,3.4,3.2
122,0.0,4.4,4.4,4.6,4.6,4.5,4.7,4.5,4.7,4.5,5.0,4.5,4.9,4.6,4.5,4.5,4.5,4.5,4.6
123,0.0,3.9,3.9,4.0,4.2,3.9,4.0,0.0,4.0,3.8,0.0,4.0,0.0,4.2,3.8,4.1,4.1,4.2,4.5
124,0.0,3.7,4.1,4.3,4.2,3.9,4.4,0.0,4.4,3.8,4.0,2.3,0.0,3.8,4.3,3.6,3.9,4.2,0.0
125,4.5,3.7,3.6,3.9,3.7,3.9,3.9,2.5,4.0,3.8,3.8,3.7,3.9,4.1,4.0,3.8,3.8,3.7,3.9
126,0.0,3.3,3.2,4.0,3.4,3.0,3.3,0.0,3.5,3.7,0.0,2.0,4.0,5.0,4.2,2.7,3.5,3.7,4.0
127,0.0,4.0,0.5,0.5,1.2,3.3,4.0,0.0,3.0,2.0,5.0,1.0,4.0,3.5,2.8,1.0,2.7,5.0,4.0
128,0.0,4.3,4.5,0.0,0.0,4.6,4.1,0.0,4.4,4.0,4.0,4.0,5.0,4.2,4.7,4.3,4.2,5.0,0.0
129,0.0,4.0,3.9,4.1,3.9,3.9,4.1,0.0,4.0,4.1,4.5,3.5,4.1,3.5,4.1,3.9,3.8,4.2,0.0
130,0.0,3.5,3.2,2.3,2.8,3.5,3.6,0.0,3.8,3.0,0.0,4.0,2.0,0.0,3.0,3.5,3.6,4.5,3.0
131,0.0,3.3,3.4,3.5,0.0,3.3,3.8,3.0,3.5,3.4,4.0,3.0,0.0,3.6,3.4,3.1,3.4,3.2,2.0
132,0.0,2.9,2.8,2.9,2.8,2.9,3.2,2.8,3.2,3.1,3.9,2.8,3.4,3.2,3.1,2.9,3.1,3.4,2.5
133,0.0,2.6,2.6,3.0,3.0,3.0,2.7,0.0,3.0,3.0,0.0,2.5,3.0,3.7,3.2,3.2,3.0,3.7,2.0
134,0.0,3.5,3.4,3.4,3.4,3.1,3.8,0.0,3.8,3.7,0.0,4.0,3.5,3.5,3.3,3.5,3.6,4.5,4.0
135,0.0,3.4,3.5,4.0,3.8,3.7,3.6,4.5,3.8,3.9,3.0,3.8,4.1,3.8,3.6,3.5,3.5,3.9,4.0
136,0.0,3.2,3.2,3.0,2.7,3.2,3.6,0.0,3.7,3.4,0.0,3.1,3.5,4.2,3.8,2.6,3.5,4.0,2.5
137,0.0,3.7,3.9,3.8,4.0,3.9,3.8,4.4,4.0,4.0,4.1,3.8,4.0,4.2,3.9,3.6,3.7,4.2,4.0
138,0.0,3.8,4.1,4.2,4.2,4.1,1.7,0.0,3.4,3.3,0.0,0.0,0.0,0.5,4.0,4.0,1.8,1.5,0.0
139,0.0,2.2,2.4,2.5,2.2,2.0,2.2,0.0,2.1,2.4,0.0,1.6,2.5,2.1,1.9,2.0,2.0,2.5,2.7
140,0.0,3.5,3.5,3.2,3.5,3.3,3.5,3.5,3.6,3.4,3.5,3.5,3.6,3.3,3.6,3.4,3.4,3.8,3.8
141,0.0,3.5,3.7,3.8,3.7,3.5,3.6,0.0,3.7,3.7,2.5,3.3,3.3,3.3,3.5,3.6,3.5,3.3,4.2
142,0.0,3.3,3.8,4.3,4.2,4.1,3.9,0.0,3.9,4.0,0.0,5.0,4.3,4.5,4.0,3.0,3.7,4.7,4.0
143,0.0,2.2,3.5,3.8,3.7,3.3,3.5,5.0,3.3,3.4,0.0,1.0,3.3,2.0,3.5,3.1,2.7,4.5,0.0
144,0.0,3.4,3.7,4.1,3.8,3.5,3.7,3.5,3.8,3.8,0.0,3.9,4.4,4.0,3.7,3.0,3.5,3.7,3.6
145,0.0,2.9,3.3,4.3,4.3,3.4,3.6,0.0,3.4,4.5,0.0,0.0,4.0,5.0,3.3,2.8,3.6,4.0,4.0
146,0.0,2.1,3.5,3.8,3.2,3.1,3.0,0.0,3.5,3.4,0.0,3.3,0.0,3.6,3.2,2.9,2.9,3.0,0.0
147,0.0,3.0,4.8,3.0,3.0,3.6,4.3,0.0,2.9,3.0,0.0,4.5,3.0,0.0,2.9,4.5,3.5,2.8,4.5
148,0.0,3.6,3.7,3.7,3.8,3.7,2.5,0.0,3.8,3.7,0.0,0.0,4.1,3.2,4.1,3.6,3.6,4.2,0.0
149,0.0,2.8,2.5,3.3,1.6,2.8,2.3,0.0,2.9,2.0,0.0,3.8,0.0,2.5,4.0,2.7,2.8,5.0,2.0
150,0.0,3.6,3.7,0.0,3.0,3.4,3.8,0.0,3.5,3.0,0.0,0.0,3.0,4.0,3.4,4.7,3.7,0.0,0.0
151,0.0,3.5,3.5,4.2,3.6,3.7,4.5,0.0,3.4,3.9,0.0,3.0,3.5,3.0,4.0,3.8,3.4,0.0,0.0
152,0.0,3.6,3.5,4.5,4.5,3.8,4.1,4.4,4.0,3.2,4.0,4.5,3.5,4.1,4.0,3.6,4.0,4.3,0.0
153,0.0,0.9,1.4,1.7,1.7,2.1,1.7,1.0,2.7,1.9,2.5,1.1,2.6,3.4,2.7,1.5,1.8,1.6,0.8
154,0.0,4.2,4.6,4.6,4.9,4.4,3.2,0.0,4.0,4.8,0.0,0.0,0.0,5.0,5.0,4.7,2.5,4.5,0.0
155,0.0,3.8,3.7,3.6,3.3,3.5,3.6,0.0,3.3,3.2,0.0,4.0,3.0,0.0,4.0,4.0,3.6,4.0,4.0
156,0.0,3.3,3.6,3.3,3.3,3.5,3.9,3.8,3.8,3.6,4.7,3.5,3.8,4.0,3.7,3.3,3.8,3.9,3.8
157,0.0,3.4,3.5,4.0,3.0,3.2,4.3,0.0,3.7,3.5,0.0,0.0,0.0,3.5,2.5,3.0,4.3,5.0,0.0
158,0.0,3.7,3.4,0.0,2.5,3.2,3.6,4.0,3.4,3.0,0.0,3.7,0.0,4.0,3.0,4.0,3.6,0.0,0.0
159,0.0,3.4,3.7,3.8,3.9,3.4,1.8,0.0,3.2,4.0,0.0,0.0,3.4,4.0,3.2,2.4,2.9,3.7,0.0
160,0.0,2.3,2.3,3.6,2.9,2.8,3.2,0.0,3.2,2.8,5.0,2.3,3.7,3.0,2.8,2.5,2.5,3.6,2.3
161,0.0,3.9,4.2,4.3,4.3,3.9,4.7,4.5,3.7,3.6,0.0,4.0,4.1,4.0,3.2,4.1,3.8,0.0,0.0
162,0.0,4.0,4.0,4.0,4.0,4.0,4.4,0.0,4.3,3.0,0.0,0.0,4.0,4.0,4.1,4.0,4.0,4.7,4.0
163,0.0,2.8,2.0,0.0,4.0,3.1,2.5,0.0,3.0,2.0,3.0,3.0,0.0,3.0,3.1,2.5,3.0,0.0,0.0
164,0.0,4.3,4.3,0.0,4.0,3.4,3.7,0.0,4.3,3.5,0.0,4.0,0.0,0.0,3.8,4.2,4.2,5.0,5.0
165,0.0,3.7,3.9,4.0,3.3,3.5,3.5,0.0,3.3,3.8,0.0,3.5,4.0,4.0,3.7,3.6,3.7,3.5,3.3
166,0.0,4.0,4.1,4.5,4.2,4.1,4.2,4.0,4.2,4.0,4.7,3.8,4.5,4.0,4.2,4.0,4.0,4.1,4.3
167,0.0,3.5,3.8,3.9,3.7,3.4,3.4,0.0,3.2,3.9,4.5,3.0,3.3,3.5,2.9,3.4,3.1,2.8,2.8
168,0.0,4.5,4.2,4.5,4.4,4.3,4.6,4.8,4.6,4.4,4.8,3.0,4.5,4.7,4.4,2.2,4.5,4.6,4.8
169,0.0,3.9,4.1,4.3,4.3,4.2,4.1,4.3,4.4,4.4,0.0,3.8,4.4,4.2,4.3,3.8,3.8,4.4,4.3
170,0.0,3.3,3.2,3.2,3.0,3.1,3.3,0.0,3.6,2.6,0.0,4.0,3.2,3.0,3.8,3.3,3.2,4.0,3.8
171,0.0,4.6,4.6,4.8,4.6,4.6,4.8,0.0,4.7,4.4,0.0,4.7,4.5,4.8,4.5,4.7,4.7,4.5,4.8
172,0.0,3.7,3.8,3.5,3.8,4.0,3.8,0.0,3.8,3.9,0.0,3.8,3.5,4.5,5.0,3.9,3.7,3.7,3.5
173,0.0,3.1,3.4,3.0,3.0,3.5,2.3,0.0,3.7,3.0,0.0,3.0,3.0,0.0,3.7,3.5,2.8,4.3,0.0
174,0.0,3.8,3.7,3.5,3.4,3.6,3.4,0.0,3.7,3.4,0.0,3.5,3.5,3.6,3.9,3.5,3.8,3.0,4.0
175,0.0,0.0,0.0,0.0,4.2,3.7,0.0,0.0,4.0,0.0,0.0,0.5,4.2,0.0,4.3,0.5,0.5,0.0,0.0
176,0.0,4.1,4.1,3.0,3.0,3.4,3.9,0.0,4.2,3.0,0.0,5.0,3.0,5.0,4.2,4.2,4.2,4.5,4.2
177,0.0,3.1,3.2,3.5,3.3,3.3,3.5,3.8,3.6,3.4,3.1,3.0,3.6,3.6,3.5,3.1,3.3,3.6,3.3
178,0.0,3.9,3.8,2.9,3.0,4.0,4.2,3.8,4.4,3.6,0.0,4.3,2.0,4.4,4.1,4.1,4.2,4.6,4.5
179,0.0,3.8,3.7,4.0,4.0,3.6,3.7,0.0,4.2,3.8,0.0,3.7,4.0,3.5,4.1,3.9,4.0,5.0,4.0
180,0.0,3.8,3.8,4.0,4.0,3.4,4.5,0.0,3.6,3.6,3.5,3.2,0.0,0.0,3.5,3.8,3.3,3.5,0.0
181,0.0,2.8,3.1,3.5,3.2,2.9,2.8,0.0,3.2,3.0,0.0,2.8,3.3,3.2,3.0,2.5,3.0,3.2,2.0
182,0.0,3.1,3.1,3.6,3.1,3.4,3.7,3.3,3.9,3.3,4.2,3.2,3.6,3.8,3.7,3.1,3.3,4.0,3.5
183,0.0,3.9,3.8,0.0,3.0,3.5,3.7,0.0,4.1,3.0,0.0,3.5,4.0,4.0,4.3,3.5,3.8,4.2,3.8
184,4.5,3.5,3.5,3.4,3.2,3.6,4.0,4.4,4.0,3.4,0.0,3.1,0.0,4.1,4.2,3.8,3.8,4.0,0.0
185,0.0,3.7,3.5,3.5,3.5,3.4,3.2,0.0,3.6,3.2,0.0,1.5,3.8,4.3,3.6,2.5,4.0,3.0,0.0
186,0.0,4.0,4.1,4.1,4.1,4.1,4.1,4.0,4.1,4.1,4.0,4.1,4.3,4.3,4.1,4.1,4.1,4.0,4.2
187,0.0,3.4,3.3,4.2,3.6,3.6,3.9,4.0,3.9,4.2,4.4,4.2,4.2,4.1,3.4,3.2,3.6,3.9,3.5
188,0.0,4.0,5.0,4.5,4.8,4.3,4.0,0.0,4.3,4.8,5.0,0.0,4.7,4.2,4.3,3.0,4.2,5.0,4.0
189,0.0,4.1,4.0,4.2,4.2,4.0,4.1,0.0,4.2,4.0,0.0,4.0,0.0,4.2,4.0,4.2,4.2,4.2,0.0
190,0.0,3.7,4.2,3.8,3.9,3.8,3.9,3.5,4.0,4.4,4.0,0.0,3.5,4.0,3.9,3.6,3.7,4.2,0.0
191,0.0,2.5,2.7,4.7,3.8,3.7,3.9,5.0,4.1,4.5,5.0,0.0,0.0,3.0,3.6,2.3,3.7,3.2,1.0
192,0.0,4.3,4.5,0.0,0.0,4.0,3.8,0.0,4.0,3.0,0.0,3.0,0.0,3.5,4.7,4.2,4.1,4.0,4.0
193,0.0,3.6,3.8,4.0,2.0,3.1,3.9,0.0,4.0,3.5,0.0,4.2,0.0,4.5,3.6,4.1,4.0,3.5,0.0
194,0.0,3.6,3.8,2.0,2.0,3.4,3.5,0.0,3.6,0.0,3.5,3.5,2.8,3.5,3.2,3.5,3.4,4.3,3.0
195,0.0,3.3,3.3,2.3,2.7,3.6,3.6,0.0,3.6,2.8,3.0,3.2,2.0,3.6,3.8,3.6,3.4,3.4,3.5
196,0.0,4.1,4.0,4.5,4.5,3.2,4.3,0.0,3.9,2.5,0.0,3.8,5.0,3.2,0.0,3.9,3.9,3.2,0.0
197,0.0,3.9,3.5,0.0,0.0,3.8,3.7,0.0,3.8,0.0,0.0,2.5,0.0,3.5,4.2,4.4,3.8,3.0,4.0
198,0.0,3.3,3.6,4.0,3.8,3.3,3.7,0.0,3.7,3.5,3.5,2.8,4.0,3.3,3.7,3.4,3.5,4.2,3.8
199,0.0,3.4,3.7,1.0,2.3,3.4,3.6,3.1,3.5,3.2,4.2,3.2,2.2,3.4,3.2,3.0,3.2,4.1,3.9
200,0.0,3.8,3.8,3.3,3.3,3.8,4.1,4.0,3.8,3.6,4.7,3.9,4.1,4.3,3.8,3.6,3.9,3.8,3.5
201,0.0,4.1,4.2,4.6,4.6,4.2,3.7,0.0,4.4,4.1,1.0,3.6,4.0,4.2,4.2,4.0,3.9,5.0,3.5
202,0.0,3.7,3.9,3.9,4.1,3.8,3.9,4.7,3.9,4.0,3.8,4.0,3.9,3.8,3.8,3.7,3.8,4.1,3.9
203,0.0,4.0,4.0,3.8,3.8,3.2,4.2,0.0,4.3,4.1,0.0,4.0,0.0,4.2,3.5,3.7,3.9,4.8,3.8
204,0.0,3.7,3.5,3.7,3.3,3.9,4.2,0.0,4.0,3.8,3.8,3.7,0.0,4.3,3.9,4.1,4.3,4.4,3.5
205,0.0,4.0,3.9,4.0,3.8,3.9,4.5,5.0,3.8,3.8,0.0,0.0,2.8,4.2,3.2,4.2,3.9,4.0,4.5
206,0.0,3.3,3.6,4.7,4.2,4.2,5.0,0.0,4.6,4.3,0.0,0.0,4.0,3.7,4.4,3.3,3.4,0.0,5.0
207,0.0,2.8,2.9,0.0,0.5,2.1,3.5,0.0,3.2,2.3,0.0,3.0,0.0,0.0,3.0,2.7,3.4,0.0,3.5
208,0.0,3.4,3.1,0.0,0.0,3.0,2.8,0.0,3.5,3.0,0.0,3.0,0.0,3.5,3.3,3.8,3.0,4.0,0.0
209,0.0,4.2,4.3,4.0,4.0,4.1,4.7,0.0,4.3,4.6,0.0,3.0,0.0,4.6,4.1,4.0,4.3,4.5,0.0
210,4.0,4.1,4.2,4.1,4.0,3.9,3.2,0.0,3.9,4.0,0.0,3.3,0.0,4.3,4.4,4.2,3.9,4.8,0.0
211,0.0,3.9,3.9,3.9,3.8,4.0,4.2,0.0,4.1,3.9,4.0,3.5,4.1,3.7,3.9,3.7,3.8,4.0,0.0
212,3.5,3.5,3.6,3.7,3.7,3.6,3.6,0.0,3.6,3.7,4.0,3.4,3.8,3.5,3.6,3.4,3.4,3.4,3.5
213,0.0,3.9,3.8,4.0,3.8,3.8,3.9,0.0,4.0,3.7,0.0,3.5,5.0,3.5,4.1,3.9,3.7,3.9,0.0
214,0.0,2.8,2.8,3.0,3.0,2.8,3.0,0.0,3.0,2.8,0.0,0.0,3.0,3.0,2.8,2.8,2.8,0.0,0.0
215,0.0,4.0,4.1,0.0,4.5,3.8,3.8,5.0,4.1,3.9,4.0,2.5,0.0,4.0,3.9,3.8,3.6,4.2,2.5
216,0.0,3.4,3.4,3.5,3.6,3.6,3.8,5.0,3.7,3.6,4.3,3.0,3.8,4.0,3.9,3.0,3.5,3.4,4.0
217,0.0,2.8,2.9,3.1,2.8,2.6,2.9,0.0,2.8,2.7,3.0,2.8,2.8,3.1,2.6,2.9,2.9,2.6,2.4
218,0.0,3.1,3.1,0.0,0.0,3.5,3.8,0.0,3.7,3.0,4.5,3.8,3.2,3.1,3.7,2.8,2.9,4.0,0.0
219,0.0,3.1,3.2,3.5,2.8,3.1,3.4,3.8,3.4,3.0,4.2,3.0,3.4,3.8,3.0,3.0,3.3,3.4,3.4
220,0.0,3.8,3.9,4.2,4.0,4.0,4.3,4.0,4.1,4.0,0.0,3.6,4.3,4.0,4.2,3.9,3.8,3.9,4.6
221,0.0,3.7,3.8,4.1,3.7,3.9,4.2,4.4,4.2,4.2,4.4,4.2,3.8,4.4,4.2,3.8,4.1,4.2,4.1
222,0.0,3.2,3.2,3.0,2.4,3.1,3.3,2.8,3.2,3.2,3.0,2.5,3.3,3.2,2.9,3.3,3.1,3.4,3.6
223,0.0,3.5,3.5,3.8,3.6,3.3,3.5,4.0,3.2,3.4,4.0,2.0,3.7,3.6,3.6,3.4,3.1,3.2,3.0
224,0.0,3.3,3.6,4.0,4.3,4.5,4.3,0.0,4.3,4.8,0.0,2.5,0.0,5.0,4.3,3.2,3.5,4.0,0.0
225,0.0,3.7,3.8,3.5,3.5,3.7,3.8,0.0,3.6,3.9,0.0,3.5,3.5,3.6,3.8,3.5,3.8,1.0,0.0
226,0.0,3.5,3.5,3.3,3.4,3.5,3.7,4.2,3.6,3.5,0.0,2.9,3.2,3.5,3.4,3.4,3.4,3.6,3.2
227,0.0,4.1,4.0,4.2,4.3,4.4,4.3,4.0,4.3,4.0,4.0,4.5,4.2,4.2,4.1,4.2,4.3,4.3,4.5
228,0.0,3.8,3.6,3.5,3.0,2.8,4.0,0.0,3.6,4.0,0.0,4.0,0.0,4.2,3.0,4.0,3.9,4.0,0.0
229,0.0,3.7,3.8,4.5,4.0,3.6,3.8,0.0,3.9,3.5,0.0,3.5,4.0,4.0,3.8,3.6,3.7,4.3,3.0
230,0.0,3.1,3.2,2.7,2.6,2.9,2.8,0.0,2.5,3.1,0.0,2.8,2.4,2.8,2.6,3.1,3.1,2.2,2.5
231,0.0,4.4,3.9,0.0,0.0,3.2,4.4,0.0,3.4,3.0,0.0,4.3,0.0,0.0,3.5,4.2,4.3,2.0,0.0
232,0.0,3.3,3.2,3.0,3.0,3.1,3.4,3.3,3.5,3.1,4.5,2.9,3.1,3.3,3.3,3.3,3.3,3.9,3.8
233,0.0,3.1,3.1,3.6,3.4,3.2,3.6,3.2,3.5,3.2,3.0,4.0,3.2,3.3,3.6,2.9,3.2,3.5,3.5
234,0.0,3.5,3.6,3.8,3.4,3.5,3.7,0.0,3.8,3.5,0.0,4.2,4.1,3.8,3.9,3.7,3.8,2.8,3.6
235,0.0,3.4,3.5,4.0,3.6,3.4,3.8,4.0,3.9,3.5,0.0,5.0,4.0,3.3,3.9,3.3,3.6,4.2,3.0
236,0.0,5.0,5.0,0.0,0.0,4.1,4.7,0.0,4.4,4.3,0.0,3.5,4.0,4.3,4.3,3.7,3.9,0.0,0.0
237,0.0,3.4,3.1,3.0,3.0,3.0,3.4,0.0,3.5,2.8,0.0,3.5,0.0,3.5,3.2,3.6,3.5,3.1,0.0
238,0.0,3.9,2.6,0.0,1.7,3.7,4.0,0.0,3.6,0.0,4.0,3.0,0.0,4.2,4.2,2.0,4.1,4.2,3.8
239,0.0,4.0,4.0,3.9,4.0,3.9,4.3,4.1,4.2,3.9,3.8,3.5,3.8,4.2,4.0,3.9,4.0,4.5,4.0
240,0.0,3.9,3.9,3.7,3.7,4.1,3.3,0.0,3.7,4.0,0.0,4.2,3.6,3.2,3.7,4.0,3.8,4.2,4.8
241,0.0,3.8,3.9,4.0,3.5,4.1,3.9,0.0,4.0,3.5,0.0,3.3,4.1,3.8,4.1,4.1,3.8,3.7,4.0
242,0.0,3.2,3.3,3.0,3.0,3.2,3.6,0.0,3.6,3.0,0.0,5.0,3.0,5.0,3.2,3.6,3.9,3.5,3.3
243,0.0,4.2,4.2,3.3,3.3,3.9,4.1,0.0,4.2,3.8,0.0,0.0,3.3,5.0,4.0,4.0,4.5,4.2,0.0
244,0.0,3.6,3.9,0.0,3.0,4.1,3.3,0.0,3.6,3.8,3.0,4.0,0.0,3.2,3.8,3.7,3.5,4.1,4.3
245,0.0,0.0,4.0,3.3,3.3,3.2,2.2,3.2,2.4,4.0,0.0,0.0,0.0,1.0,2.3,0.0,1.8,3.0,0.0
246,0.0,4.3,4.3,4.6,4.6,4.3,4.1,0.0,4.3,4.4,4.8,4.4,3.8,4.5,4.4,4.2,4.2,4.7,4.5
247,0.0,3.7,3.7,3.8,3.7,3.7,3.9,0.0,3.9,3.8,3.0,4.2,3.5,4.1,3.3,3.6,3.8,4.1,3.2
248,4.0,3.8,3.7,3.7,3.7,4.0,3.3,3.5,3.4,3.8,0.0,0.0,0.0,4.2,4.0,3.7,3.8,0.0,0.0
249,0.0,3.7,3.7,3.8,3.6,3.6,3.8,3.8,3.9,3.6,4.5,3.3,3.8,3.8,3.7,3.7,3.6,3.9,4.1
250,0.0,3.8,4.0,4.1,4.1,3.6,4.5,0.0,4.6,4.5,0.0,4.5,4.5,4.0,4.6,3.8,4.0,4.5,4.5
251,0.0,5.0,5.0,4.2,4.2,5.0,4.9,5.0,4.8,5.0,0.0,5.0,0.0,5.0,5.0,5.0,4.9,5.0,0.0
252,3.0,3.9,4.2,4.4,4.4,4.3,3.5,0.0,4.3,4.2,0.0,0.0,4.4,4.0,4.3,3.9,4.0,0.0,0.0
253,0.0,3.2,4.0,4.6,0.0,4.4,4.7,4.3,4.4,4.7,4.5,0.0,4.8,4.2,4.3,3.8,4.5,5.0,4.5
254,0.0,3.8,3.9,4.5,4.2,3.9,4.2,4.1,4.0,4.1,4.8,4.2,4.2,4.1,3.9,3.7,3.9,4.6,4.0
255,0.0,4.2,2.7,2.4,2.3,2.8,2.4,1.0,1.4,1.5,0.0,3.0,2.8,1.0,1.6,3.5,3.0,5.0,1.3
256,0.0,4.0,3.9,3.5,3.9,3.9,4.2,4.0,4.0,3.4,0.0,4.1,4.0,4.1,4.0,3.9,4.0,4.1,4.3
257,0.0,3.6,3.4,3.5,3.5,3.0,3.1,0.0,3.8,3.5,0.0,0.0,3.8,4.0,3.0,4.0,3.6,0.0,2.5
258,0.0,3.7,3.6,4.8,4.8,5.0,5.0,0.0,4.5,4.1,0.0,4.5,0.0,4.5,5.0,3.5,4.1,2.2,0.0
259,0.0,2.1,2.6,4.0,3.4,3.9,4.0,0.0,3.2,2.9,0.0,0.0,5.0,5.0,3.4,3.1,2.5,0.0,1.0
260,0.0,3.7,3.7,4.0,4.1,3.8,3.8,3.7,3.6,3.8,3.0,3.5,4.2,3.8,3.5,3.7,3.8,4.5,0.0
261,0.0,3.8,3.2,1.5,1.5,3.3,4.0,0.0,4.3,2.0,0.0,0.0,1.0,4.3,5.0,4.5,4.1,3.8,4.0
262,0.0,3.2,3.2,2.5,2.5,3.0,3.4,0.0,3.3,2.8,3.0,3.5,2.5,3.0,2.8,4.5,2.9,0.0,0.0
263,0.0,3.5,3.7,4.1,4.0,3.7,3.7,3.6,3.8,3.8,4.0,3.3,3.9,3.8,3.8,3.7,3.5,4.1,4.0
264,0.0,3.2,3.5,3.4,3.6,3.7,4.0,0.0,3.6,4.0,0.0,3.4,3.4,3.1,3.7,3.5,3.1,3.6,0.0
265,0.0,3.6,3.9,0.0,3.0,3.4,3.3,0.0,3.3,3.0,0.0,2.4,3.0,3.7,3.3,3.5,3.4,3.6,3.0
266,0.0,3.7,3.7,2.8,2.1,3.4,3.9,3.0,3.5,3.5,4.0,3.1,3.2,3.3,2.5,3.6,3.7,4.7,3.0
267,0.0,4.3,4.2,0.0,4.0,4.2,4.0,0.0,3.8,3.7,0.0,4.1,5.0,3.5,4.7,4.4,4.3,3.0,4.0
268,0.0,3.0,3.3,0.0,0.0,3.4,3.3,2.0,3.3,3.3,4.2,3.3,3.5,3.9,3.0,3.3,2.9,2.6,5.0
269,0.0,3.2,3.6,4.5,4.0,3.7,3.8,0.0,4.0,4.7,0.0,5.0,4.0,3.5,4.2,3.2,3.6,0.0,0.0
270,0.0,2.9,3.4,5.0,5.0,2.9,3.5,0.0,3.8,3.8,0.0,0.0,5.0,3.3,3.4,3.0,3.1,0.0,0.0
271,0.0,2.7,3.3,3.0,3.0,3.5,2.9,0.0,3.4,2.8,4.0,3.2,3.5,3.2,3.2,3.1,3.2,4.0,0.0
272,0.0,3.6,3.3,3.7,3.7,3.8,4.1,0.0,3.6,2.7,0.0,3.5,0.0,4.0,2.8,3.7,3.7,3.5,3.5
273,0.0,3.8,3.9,4.7,4.1,4.0,4.0,0.0,4.0,4.2,0.0,3.2,4.6,5.0,4.1,4.3,4.0,4.0,2.0
274,0.0,3.2,3.2,3.3,3.1,3.1,3.4,3.5,3.4,3.1,3.9,3.2,3.3,3.4,3.1,3.2,3.3,3.6,3.5
275,0.0,3.9,3.9,3.8,3.9,4.0,4.4,4.4,4.1,4.1,4.3,3.5,4.0,4.6,4.0,3.8,4.3,4.4,4.4
276,0.0,4.7,4.3,4.2,3.9,4.3,0.0,0.0,4.9,3.6,0.0,4.0,4.3,5.0,4.2,4.9,4.8,5.0,0.0
277,0.0,3.8,3.8,3.5,3.2,3.4,3.0,0.0,3.0,3.4,0.0,0.0,3.0,5.0,3.3,4.0,4.0,0.0,0.0
278,0.0,4.5,3.0,5.0,3.0,3.5,4.3,0.0,4.3,0.0,0.0,3.0,3.0,4.2,3.3,3.5,3.8,4.8,3.0
279,0.0,3.6,3.7,2.5,2.7,3.5,3.7,0.0,3.7,3.5,3.5,4.2,3.0,3.6,3.3,3.8,3.7,3.5,4.1
280,0.0,3.8,3.8,4.2,4.0,3.7,4.2,5.0,4.2,3.8,0.0,4.2,4.0,4.0,3.9,3.5,4.3,4.2,0.0
281,0.0,3.2,3.4,2.5,2.2,3.4,3.0,0.0,3.0,4.2,0.0,0.0,2.8,1.0,3.1,3.0,2.4,4.5,0.0
282,0.0,4.0,4.1,4.4,4.4,3.9,4.1,3.5,4.2,4.2,0.0,3.7,4.2,4.0,4.0,4.2,4.0,4.2,4.3
283,0.0,4.0,4.0,2.5,2.8,3.0,3.4,0.0,3.8,3.0,0.0,3.5,0.0,0.0,3.0,4.0,3.3,5.0,0.0
284,0.0,3.7,3.7,4.5,3.8,3.7,3.4,0.0,3.3,3.5,0.0,0.0,4.5,4.0,3.8,4.0,3.7,5.0,3.7
285,0.0,3.8,0.0,0.0,4.0,3.7,4.4,0.0,4.0,0.0,5.0,4.2,3.5,4.5,3.8,0.0,4.3,4.0,4.0
286,0.0,3.7,3.7,4.3,4.1,3.4,4.0,0.0,4.0,3.8,5.0,4.0,3.8,3.9,3.4,3.4,4.0,4.2,3.0
287,0.0,1.8,2.4,1.8,1.5,2.7,2.9,4.2,3.1,2.9,4.0,1.6,2.6,2.3,2.6,2.4,2.2,3.2,1.0
288,0.0,3.0,3.1,3.2,3.1,3.2,3.4,3.5,3.3,3.2,3.8,2.7,3.2,3.0,3.2,3.1,3.0,3.3,3.2
289,0.0,3.1,3.5,3.5,3.5,3.6,4.2,3.5,3.8,3.7,0.0,3.2,3.5,0.0,2.8,3.2,3.2,4.2,3.5
290,0.0,4.1,4.3,4.1,4.3,4.0,4.3,4.2,4.2,4.1,4.3,3.7,4.5,4.3,4.3,3.9,3.9,4.6,4.6
291,0.0,4.3,4.3,3.7,4.0,3.6,4.5,0.0,4.0,4.2,0.0,0.0,0.0,4.7,5.0,4.4,4.2,4.0,0.0
292,0.0,3.5,3.6,3.6,3.5,3.1,3.3,2.8,3.1,3.5,0.0,2.6,3.4,3.3,3.3,3.5,3.4,3.6,3.2
293,0.0,2.6,2.7,2.5,2.3,2.4,2.8,0.0,3.0,2.5,3.0,2.7,2.0,3.0,3.0,3.0,2.6,3.0,0.0
294,0.0,2.6,2.6,2.7,2.1,2.6,2.8,4.0,2.9,2.8,2.3,3.2,2.5,2.6,2.5,2.8,2.7,3.3,2.6
295,0.0,3.2,3.0,0.0,4.5,4.1,4.1,0.0,4.1,5.0,3.5,2.8,0.0,4.2,4.5,2.8,3.7,5.0,3.5
296,4.5,3.4,2.9,4.7,5.0,4.8,4.9,4.5,4.7,3.9,0.0,0.0,0.0,5.0,5.0,2.6,4.8,4.8,5.0
297,0.0,2.3,1.9,0.0,0.0,2.9,3.3,0.0,2.7,1.0,3.0,2.2,0.0,2.7,2.0,1.6,2.5,2.5,0.0
298,0.0,2.5,2.6,2.8,1.8,2.2,2.7,3.0,2.4,2.4,3.6,2.4,2.6,2.6,1.9,2.7,2.5,2.6,2.5
299,0.0,3.7,3.6,0.0,3.0,4.0,3.5,0.0,4.2,2.5,0.0,3.8,0.0,3.0,3.0,3.4,3.6,4.0,4.0
300,0.0,4.0,5.0,0.0,0.0,4.3,4.2,0.0,4.4,5.0,4.0,3.5,0.0,3.6,4.4,4.2,4.2,4.5,3.5
301,0.0,2.7,3.1,3.7,3.1,3.2,3.9,0.0,3.8,3.1,0.0,0.8,3.5,3.6,3.3,2.7,3.1,3.0,4.5
302,0.0,3.8,4.0,0.0,0.0,4.1,4.0,0.0,4.3,0.0,0.0,0.0,0.0,3.5,4.0,4.2,3.8,4.0,3.0
303,0.0,4.3,4.2,0.0,5.0,3.5,3.0,0.0,3.3,3.0,0.0,3.8,0.0,3.7,2.8,4.2,4.0,3.0,0.0
304,0.0,3.8,4.0,3.9,3.8,3.8,3.6,0.0,4.0,3.7,0.0,3.5,3.6,3.9,3.9,4.1,3.8,4.2,3.6
305,0.0,3.8,3.6,3.9,3.7,4.0,4.2,0.0,4.0,3.5,4.2,4.0,4.1,3.8,3.8,3.8,3.9,4.4,4.5
306,0.0,3.4,3.5,3.6,3.5,3.4,3.9,0.0,3.1,3.3,0.0,3.0,3.4,3.2,3.4,3.3,3.0,0.0,3.0
307,0.0,2.8,3.0,3.3,2.7,2.5,3.1,2.6,3.0,2.9,3.5,2.1,2.9,2.9,2.6,2.8,2.7,3.2,3.4
308,0.0,2.0,3.3,3.2,3.2,2.6,1.3,2.0,2.2,3.7,0.0,0.8,3.4,1.2,2.8,2.7,1.5,1.2,0.0
309,0.0,3.9,3.9,4.0,3.8,4.0,3.8,0.0,3.9,3.7,3.9,2.9,4.5,3.5,3.9,3.3,3.6,4.1,4.3
310,0.0,3.1,3.1,4.3,4.3,3.4,3.2,4.0,3.8,3.5,0.0,2.0,3.5,3.8,3.5,3.5,2.7,4.6,4.0
311,0.0,2.4,3.1,3.0,3.0,1.5,2.5,0.0,2.4,1.7,0.0,2.8,2.0,1.5,1.9,3.0,2.6,1.8,2.8
312,0.0,3.5,3.7,0.0,4.0,3.5,3.9,5.0,3.9,3.8,4.2,3.4,3.4,3.6,3.7,3.6,3.5,4.3,3.7
313,0.0,3.5,3.4,2.9,2.4,2.9,3.6,0.0,3.6,3.2,3.2,3.8,2.4,3.6,3.3,3.4,3.7,3.6,2.7
314,0.0,2.8,2.8,3.1,3.2,3.1,3.0,0.0,3.4,3.2,0.0,2.8,3.2,3.0,3.4,3.0,2.7,3.7,2.6
315,0.0,3.0,3.1,3.0,3.0,3.4,4.0,0.0,3.8,3.3,0.0,2.3,3.2,0.0,4.0,2.6,2.3,3.7,3.0
316,0.0,2.9,2.7,2.2,2.3,2.9,3.2,3.0,3.1,2.8,3.5,3.0,2.7,3.3,2.4,3.4,3.2,0.0,0.0
317,0.0,3.6,3.1,3.0,3.0,3.7,3.9,3.8,3.8,3.0,3.4,3.6,4.0,3.8,4.1,3.5,3.7,3.9,3.0
318,4.2,3.5,3.6,3.7,3.7,3.8,3.8,4.0,3.8,3.6,3.9,3.4,3.6,3.7,3.7,3.5,3.6,3.9,4.0
319,0.0,4.4,4.3,4.5,4.5,4.2,4.8,0.0,4.5,4.1,0.0,0.0,4.5,4.8,4.2,4.3,4.8,4.5,0.0
320,0.0,3.5,3.6,3.6,3.5,3.6,3.8,4.0,3.0,3.8,0.0,4.0,0.0,4.0,3.5,3.7,3.5,0.0,0.0
321,0.0,3.7,3.9,3.3,3.4,3.5,3.6,0.0,3.8,3.7,0.0,3.5,3.3,3.7,3.6,3.8,3.6,4.0,0.0
322,0.0,3.4,3.4,2.9,3.0,3.3,3.5,4.0,3.5,3.0,3.5,3.0,2.8,3.8,3.5,3.2,3.8,3.9,0.0
323,0.0,2.9,3.2,3.8,3.5,3.3,3.3,0.0,3.3,3.2,0.0,2.9,3.9,3.2,3.2,2.8,3.2,3.4,2.5
324,0.0,4.0,3.0,0.0,0.0,3.1,3.4,0.0,3.2,3.0,0.0,0.0,4.0,0.0,3.2,3.5,3.0,0.0,2.0
325,0.0,3.1,3.3,3.3,3.5,3.3,3.8,2.0,3.8,3.5,4.4,3.7,3.4,3.6,3.2,3.5,3.5,3.6,3.5
326,0.0,4.1,4.1,0.0,0.0,3.8,4.2,4.5,4.1,3.4,3.0,3.6,5.0,3.4,4.1,4.1,4.0,4.4,4.5
327,0.0,3.1,3.2,3.1,3.8,4.2,3.7,0.0,4.2,3.0,0.0,3.9,2.0,4.0,4.7,4.2,3.6,5.0,5.0
328,0.0,3.1,3.2,3.2,3.3,3.3,3.2,3.0,3.2,3.5,2.0,3.4,3.2,2.9,3.0,3.1,3.0,3.4,2.6
329,0.0,1.2,2.5,0.0,0.0,3.1,2.2,0.0,3.5,2.8,3.0,3.5,5.0,2.7,0.0,0.5,2.9,3.0,2.0
330,0.0,3.5,3.7,4.0,3.8,3.7,3.8,0.0,3.8,3.7,0.0,4.2,4.0,3.8,3.6,3.4,3.5,4.0,4.1
331,0.0,3.4,3.4,3.2,3.1,3.6,4.0,2.5,4.1,3.3,5.0,3.8,3.2,3.7,3.4,3.4,3.7,3.7,5.0
332,0.0,3.4,3.5,3.8,3.8,3.6,3.8,4.0,3.8,3.5,3.9,3.6,3.6,3.9,3.7,3.2,3.5,3.8,3.2
333,0.0,3.2,2.5,2.0,1.5,2.6,3.0,0.0,3.3,1.0,0.0,2.0,0.0,0.0,3.8,1.5,1.8,3.0,4.0
334,0.0,3.4,3.5,3.7,3.6,3.5,3.5,3.5,3.4,3.6,0.0,3.0,3.2,2.9,3.6,3.5,3.2,3.1,3.5
335,0.0,4.3,4.7,0.0,0.0,3.2,3.9,0.0,3.8,0.0,0.0,3.0,0.0,5.0,3.8,4.0,4.4,3.7,4.2
336,0.0,4.3,4.2,3.9,4.3,4.2,4.4,0.0,4.4,4.0,4.0,4.2,2.5,4.4,4.2,5.0,4.4,4.1,5.0
337,0.0,4.5,4.4,4.0,4.2,3.8,4.2,0.0,4.2,4.4,0.0,4.0,4.0,4.5,4.4,4.5,4.4,4.3,4.0
338,0.0,2.4,2.3,1.5,2.0,2.9,4.1,2.0,3.5,2.7,0.0,3.3,0.0,3.4,2.8,2.2,3.5,3.7,0.0
339,0.0,3.8,3.7,4.0,3.7,3.9,4.3,4.2,4.2,3.4,4.5,4.2,3.2,4.2,4.2,4.0,4.2,4.3,4.2
340,0.0,4.2,4.5,4.0,4.0,3.8,4.1,0.0,4.2,4.0,0.0,4.0,4.0,4.0,3.5,4.4,4.2,4.0,5.0
341,0.0,3.8,3.9,4.0,3.8,3.7,4.0,0.0,3.9,3.9,0.0,4.0,3.0,5.0,3.7,3.4,3.9,4.0,3.5
342,0.0,3.2,3.0,3.0,2.4,2.9,3.2,0.0,3.1,2.4,0.0,2.6,0.0,3.0,2.8,2.4,3.3,0.0,2.0
343,0.0,3.8,3.9,3.5,4.0,3.8,4.1,4.3,4.2,3.8,4.0,3.6,0.0,4.0,3.9,3.9,4.2,5.0,5.0
344,0.0,4.2,4.4,4.5,4.4,4.1,3.6,0.0,3.4,4.2,1.5,1.6,4.5,2.9,4.0,4.1,3.4,3.9,4.8
345,0.0,3.9,3.8,0.0,3.0,3.9,3.8,0.0,3.9,4.2,0.0,3.8,4.0,3.7,4.0,3.9,3.7,4.2,0.0
346,0.0,3.4,3.3,4.0,0.0,3.4,3.6,4.0,3.7,3.6,3.8,3.9,3.5,3.8,3.8,3.2,3.7,3.9,3.5
347,0.0,3.4,3.6,4.2,4.0,3.7,3.0,0.0,3.6,4.0,0.0,4.0,4.0,3.2,3.8,3.3,3.5,3.3,3.0
348,0.0,4.6,4.5,0.0,0.0,4.7,4.8,4.0,4.7,4.7,0.0,4.7,4.5,4.7,4.9,4.9,4.8,4.6,4.0
349,0.0,3.9,3.4,3.7,3.8,3.7,4.0,0.0,3.8,3.2,0.0,4.0,3.7,0.0,3.8,3.5,3.8,4.0,3.5
350,0.0,3.4,3.4,3.3,3.2,3.2,3.0,0.0,3.1,3.2,0.0,3.0,3.0,3.5,3.0,3.8,3.3,0.0,0.0
351,0.0,3.6,3.6,3.5,3.2,3.5,4.0,0.0,3.8,3.4,4.0,3.3,4.0,3.6,3.7,3.6,3.7,4.0,0.0
352,0.0,3.6,3.8,3.7,3.3,3.4,3.8,0.0,3.9,3.6,3.0,3.9,3.2,4.1,3.6,3.8,3.8,4.7,3.9
353,0.0,3.1,3.3,4.0,3.8,3.3,3.8,5.0,3.8,3.5,0.0,3.7,3.7,4.0,3.1,2.9,3.9,3.5,3.4
354,0.0,3.7,3.5,3.1,3.5,3.6,4.0,3.7,3.8,3.6,4.5,3.8,3.5,3.9,3.9,3.7,3.7,3.7,3.7
355,0.0,4.1,3.9,3.0,3.0,3.6,4.0,0.0,3.7,3.0,0.0,0.0,5.0,5.0,4.1,4.0,4.3,3.0,4.0
356,0.0,3.8,3.9,4.0,4.4,4.1,4.2,0.0,4.1,3.6,4.2,4.4,4.0,4.0,4.1,4.1,4.0,4.0,4.3
357,0.0,3.9,3.9,4.0,4.0,3.8,4.0,4.2,4.1,4.0,3.8,4.0,4.0,4.2,3.9,3.8,3.9,4.1,3.9
358,0.0,2.0,2.9,4.0,4.0,3.0,0.5,0.8,3.6,4.0,0.0,2.5,2.2,3.2,3.8,4.0,2.2,2.8,0.0
359,0.0,2.8,3.3,4.2,3.8,3.2,3.7,0.0,3.8,3.4,0.0,2.8,2.7,3.6,3.7,2.9,3.3,4.8,3.2
360,0.0,3.2,0.0,0.0,1.0,2.8,4.2,0.0,3.5,5.0,5.0,2.5,0.0,4.1,2.0,1.8,3.4,5.0,0.0
361,0.0,3.2,3.1,3.0,2.7,3.4,3.1,0.0,3.1,3.2,2.0,2.5,3.0,3.5,3.2,2.8,3.2,3.2,0.0
362,0.0,4.2,4.2,4.1,4.0,4.1,4.3,0.0,4.3,4.5,4.3,4.3,4.3,4.2,4.1,4.2,4.2,4.4,4.9
363,0.0,3.0,3.0,2.0,2.0,3.6,3.9,0.0,3.6,2.8,0.0,2.5,0.0,4.0,3.3,2.8,2.9,0.0,0.0
364,0.0,4.1,4.2,4.0,4.3,4.7,5.0,0.0,4.2,5.0,0.0,0.0,4.0,3.7,3.5,3.8,4.3,0.0,0.0
365,0.0,2.8,2.7,2.5,2.5,3.0,2.8,1.2,2.5,2.8,0.0,2.2,2.3,2.0,2.5,2.8,2.2,2.9,3.5
366,0.0,3.9,3.9,3.8,4.0,3.4,4.1,0.0,4.2,4.4,3.0,0.0,0.0,4.0,3.5,3.6,3.9,4.2,0.0
367,0.0,3.9,4.0,3.9,4.3,3.7,4.2,0.0,4.0,4.0,4.0,4.0,3.9,4.0,3.8,4.2,4.1,4.0,3.8
368,0.0,2.7,2.8,0.0,2.2,2.7,2.9,0.0,3.1,2.4,3.5,2.7,2.8,2.9,2.8,2.7,2.8,3.1,2.9
369,0.0,3.3,3.2,3.8,3.0,3.5,3.6,3.2,3.5,3.2,0.0,4.0,3.1,3.8,3.4,3.3,3.5,3.3,3.0
370,0.0,3.4,3.3,3.4,3.2,3.7,3.5,3.5,3.7,3.5,3.0,3.8,0.0,3.8,3.7,3.1,3.6,3.5,0.0
371,0.0,4.4,4.6,4.7,4.3,4.5,4.4,0.0,4.8,4.5,5.0,4.6,4.2,4.6,4.8,4.7,4.7,0.0,0.0
372,0.0,3.7,3.4,2.5,2.8,3.2,3.5,3.0,3.3,3.2,2.5,3.6,2.9,3.5,3.6,3.4,3.4,3.8,3.6
373,0.0,2.6,2.6,4.5,3.1,2.6,3.6,0.0,3.8,3.2,0.0,4.0,5.0,3.6,3.0,2.7,3.4,3.6,3.0
374,0.0,3.6,3.5,3.0,3.0,4.2,3.5,0.0,3.8,3.8,0.0,4.0,3.0,5.0,3.8,3.7,3.8,4.3,3.0
375,0.0,3.5,4.1,3.2,3.4,4.0,4.3,0.0,4.3,3.0,0.0,5.0,3.0,4.8,3.6,3.2,3.7,4.5,0.0
376,0.0,4.1,4.0,4.4,4.2,3.8,4.3,0.0,4.1,4.0,4.0,3.6,3.5,4.4,3.9,4.1,4.2,4.3,4.2
377,0.0,4.0,4.3,4.1,3.3,3.6,3.9,4.0,4.1,4.0,4.0,3.9,3.2,4.8,3.6,4.2,4.0,4.0,3.9
378,0.0,3.8,4.1,4.2,4.2,3.8,4.0,0.0,4.0,4.2,0.0,3.2,4.5,4.4,3.5,4.1,3.9,4.0,3.0
379,0.0,3.3,3.7,3.0,4.0,2.9,2.8,0.0,3.8,2.5,0.0,3.0,3.0,3.0,3.4,3.6,3.3,4.2,5.0
380,4.0,3.7,3.8,3.9,3.6,3.6,3.7,3.8,3.7,3.6,4.7,3.4,3.8,3.6,3.5,3.8,3.6,4.0,4.1
381,0.0,3.4,3.5,3.8,3.5,3.5,3.7,3.5,3.8,3.5,0.0,3.3,3.7,3.6,3.7,3.3,3.6,4.0,3.2
382,0.0,3.5,3.8,3.6,3.5,3.1,3.8,0.0,4.1,3.7,0.0,2.8,4.0,4.0,3.7,3.4,3.6,4.1,4.2
383,0.0,3.3,3.5,0.0,0.0,3.7,3.3,0.0,4.0,0.0,0.0,4.0,0.0,3.8,3.9,3.5,3.3,4.7,0.0
384,0.0,2.6,3.9,4.0,3.5,3.0,3.8,0.0,3.1,3.7,0.0,2.2,0.0,3.0,3.3,2.9,3.3,4.0,2.3
385,0.0,3.4,3.5,3.3,3.1,3.4,3.4,3.5,3.4,3.3,3.5,3.4,3.3,3.2,3.2,3.7,3.2,3.8,3.3
386,0.0,2.4,2.6,3.0,3.3,3.1,2.7,0.0,2.9,2.0,0.0,3.2,3.0,2.9,3.0,2.4,2.7,3.0,3.5
387,0.0,3.2,3.2,3.4,2.9,3.0,3.5,3.6,3.5,3.2,4.1,3.1,3.0,3.6,3.2,3.3,3.4,3.6,3.1
388,0.0,4.2,4.2,4.2,3.8,4.0,3.8,0.0,1.0,3.7,0.0,0.0,3.0,2.0,3.4,2.0,2.8,0.0,0.0
389,0.0,4.1,4.4,5.0,5.0,3.7,4.2,0.0,4.4,4.3,0.0,0.0,0.0,4.0,4.3,4.6,4.3,0.0,0.0
390,0.0,3.6,4.1,4.5,3.8,3.6,3.5,4.8,3.8,4.4,0.0,4.0,3.8,3.7,4.0,4.0,4.0,4.4,3.5
391,0.0,3.2,3.4,3.9,4.1,3.8,3.8,4.3,3.9,4.1,4.8,3.0,3.9,3.8,3.9,3.3,3.4,4.0,3.6
392,0.0,3.3,3.5,0.0,0.0,3.2,2.8,0.0,3.2,4.0,0.0,3.0,0.0,0.0,3.1,2.7,2.8,0.0,0.0
393,0.0,3.9,4.4,4.2,4.0,3.8,3.8,5.0,3.6,4.8,1.3,3.7,5.0,3.3,3.7,3.7,3.6,3.6,0.0
394,0.0,3.0,2.4,2.0,2.2,2.8,3.4,0.0,3.4,2.3,0.0,0.0,2.0,5.0,3.0,2.0,3.4,4.5,3.0
395,0.0,3.4,3.0,2.6,2.5,3.2,3.4,0.0,2.9,2.8,0.0,0.0,2.6,4.5,3.2,3.7,3.4,3.0,3.5
396,0.0,1.9,3.8,4.1,4.1,3.6,3.6,0.0,3.4,3.7,0.0,0.5,3.5,2.7,2.9,1.2,2.6,0.0,0.0
397,0.0,4.2,4.0,0.0,2.0,3.8,3.7,0.0,4.2,0.0,3.5,0.0,0.0,4.0,4.7,4.0,4.0,4.0,0.0
398,0.0,3.9,4.5,4.8,5.0,4.4,3.3,4.8,4.3,4.7,0.0,3.5,5.0,3.5,4.3,3.8,3.2,0.0,4.0
399,0.0,3.7,4.4,4.2,4.2,4.1,3.6,0.0,3.9,4.4,0.0,4.5,0.0,2.5,3.5,3.6,3.7,3.9,0.0
400,0.0,4.4,4.1,4.5,4.5,4.4,4.8,0.0,4.6,4.3,0.0,4.8,0.0,4.7,4.5,4.3,4.7,4.5,0.0
401,0.0,3.6,3.6,3.6,3.6,3.5,3.5,0.0,3.6,3.5,0.0,4.5,3.5,3.5,3.6,3.8,4.2,3.5,3.5
402,0.0,4.0,4.1,4.0,4.0,3.7,4.0,0.0,3.8,4.0,0.0,5.0,3.7,3.0,3.8,4.0,4.2,4.0,0.0
403,0.0,3.6,3.2,3.0,3.0,3.6,4.0,0.0,4.0,3.5,0.0,3.5,0.0,3.8,3.6,3.3,3.8,3.8,4.0
404,0.0,3.3,3.4,3.5,3.7,3.4,3.4,0.0,3.4,3.0,0.0,3.3,3.5,3.0,3.4,3.3,3.4,3.7,3.2
405,0.0,4.0,3.9,3.5,0.0,3.8,4.1,0.0,4.0,3.9,4.2,4.0,3.0,4.2,4.0,3.9,4.2,4.2,4.0
406,0.0,3.1,3.5,2.7,2.2,3.8,0.0,0.0,3.4,2.4,0.0,2.8,2.5,2.0,3.8,3.5,2.8,0.0,0.0
407,0.0,4.2,4.1,3.2,3.2,3.8,4.1,0.0,4.2,4.6,0.0,0.0,0.0,5.0,2.5,4.1,4.1,4.0,0.0
408,0.0,4.0,4.1,5.0,3.7,4.0,4.1,3.5,4.2,4.1,0.0,3.0,3.8,4.1,4.4,4.0,4.1,4.2,4.0
409,0.0,3.8,4.1,0.0,4.5,3.8,4.2,5.0,3.9,4.3,0.0,3.3,4.2,2.5,3.8,4.2,3.5,4.0,5.0
410,0.0,3.2,3.7,4.0,4.5,3.9,4.0,4.5,4.1,3.8,4.3,4.0,4.8,4.4,3.8,3.5,3.9,4.4,4.5
411,0.0,3.3,3.6,3.8,3.6,3.0,3.4,5.0,3.4,3.2,0.0,3.5,3.2,3.2,2.8,3.2,3.5,4.2,3.7
412,0.0,3.7,3.6,2.5,2.1,3.8,4.2,4.6,4.0,3.4,4.8,3.2,2.0,4.2,4.2,3.7,3.9,4.0,5.0
413,0.0,4.6,3.7,0.0,0.0,4.2,4.9,0.0,4.6,4.2,0.0,5.0,0.0,5.0,4.3,2.5,4.8,5.0,4.2
414,4.2,3.3,3.4,3.8,3.4,3.3,3.5,3.7,3.6,3.4,3.9,3.1,3.5,3.6,3.4,3.4,3.3,3.8,3.6
415,0.0,3.9,3.9,4.0,4.0,3.9,4.4,4.5,4.3,3.5,4.2,3.9,3.5,4.2,4.0,4.0,4.2,4.5,4.3
416,0.0,2.3,1.6,0.5,1.0,3.0,3.5,4.0,3.7,2.8,4.0,3.2,0.5,2.8,2.9,2.4,2.7,3.6,2.0
417,0.0,4.3,4.3,4.0,4.3,4.6,4.5,0.0,4.6,4.8,0.0,3.9,0.0,4.5,4.5,4.5,4.6,4.3,0.0
418,0.0,2.4,3.1,0.5,1.6,3.2,3.4,4.0,4.1,3.2,3.8,3.0,4.2,3.5,3.8,3.4,3.3,4.2,3.5
419,0.0,3.8,3.5,2.8,1.0,3.7,4.0,4.3,3.9,2.7,2.5,3.9,2.2,3.9,4.0,3.8,3.9,4.1,0.0
420,0.0,3.6,3.8,3.8,3.7,3.8,4.1,3.6,4.0,3.8,4.0,3.7,4.1,4.0,4.0,3.7,3.8,3.9,0.0
421,0.0,2.9,3.5,3.0,3.5,3.5,4.8,0.0,4.4,3.7,0.0,5.0,0.0,4.2,4.5,4.5,4.3,3.8,3.8
422,0.0,3.4,3.4,4.0,3.2,2.9,3.5,0.0,3.7,3.4,4.3,2.8,3.0,3.2,3.5,2.8,3.0,3.9,3.8
423,0.0,3.1,3.2,0.0,0.0,4.0,4.3,0.0,4.2,3.5,0.0,1.5,0.0,3.5,4.2,3.6,3.6,3.3,4.0
424,0.0,3.6,2.9,4.5,4.0,3.5,3.8,0.0,3.7,4.0,3.6,3.9,4.5,3.8,3.5,3.0,3.8,4.2,4.5
425,0.0,3.5,3.4,3.3,3.3,3.4,3.7,0.0,3.7,3.5,3.5,3.6,3.1,3.8,3.4,3.4,3.6,3.8,3.5
426,0.0,3.5,4.0,4.0,4.2,3.8,3.1,0.0,3.6,4.0,0.0,0.0,4.1,3.0,3.9,3.8,2.6,5.0,0.0
427,0.0,3.1,3.1,2.0,2.0,2.8,3.6,3.8,3.3,3.3,0.0,1.9,0.8,3.8,3.1,2.9,3.3,3.4,4.0
428,0.0,2.7,2.4,2.6,1.9,2.4,2.8,4.2,2.9,2.7,4.0,2.8,2.9,3.1,2.7,2.7,2.9,3.2,2.2
429,0.0,3.9,3.9,4.7,4.0,3.9,3.7,0.0,4.1,4.7,3.0,4.0,4.7,3.7,4.2,3.6,4.0,4.3,3.8
430,0.0,4.0,3.4,3.1,3.2,3.6,4.5,0.0,4.0,3.0,0.0,4.0,0.0,4.6,3.6,3.6,4.5,3.0,0.0
431,0.0,2.6,2.3,0.0,1.0,2.5,4.5,0.0,2.9,3.2,0.0,0.0,0.0,3.5,2.4,1.7,3.5,3.2,3.0
432,0.0,3.5,3.5,3.7,3.6,3.2,3.5,0.0,3.8,3.6,3.5,3.9,4.5,3.7,3.8,3.6,3.5,3.9,4.5
433,0.0,3.2,4.0,0.0,0.0,4.6,4.2,0.0,3.5,0.0,0.0,4.0,0.0,3.6,5.0,4.0,3.7,2.3,2.0
434,0.0,3.7,3.6,4.0,3.5,3.6,4.1,4.0,4.0,3.7,0.0,3.5,3.8,4.1,3.5,3.7,3.7,4.1,3.2
435,0.0,4.2,4.1,4.0,4.0,4.1,4.7,0.0,4.6,4.0,0.0,0.0,4.0,4.4,4.1,4.1,4.5,0.0,3.8
436,0.0,2.9,3.2,3.8,3.5,3.0,2.9,0.0,3.4,3.4,0.0,3.0,3.7,3.5,3.3,2.7,3.2,3.8,3.0
437,0.0,3.4,3.6,0.0,3.0,3.8,3.9,5.0,3.9,3.8,0.0,0.0,0.0,3.8,3.7,3.7,3.3,4.5,5.0
438,0.0,3.4,3.4,3.7,3.6,3.3,3.4,3.8,3.4,3.3,4.5,3.1,3.5,3.4,3.2,3.2,3.4,3.5,3.5
439,0.0,3.9,4.1,4.0,4.0,4.2,4.8,4.0,4.5,4.3,0.0,0.0,0.0,0.0,3.5,3.6,3.9,4.2,0.0
440,0.0,3.9,4.1,3.5,4.0,3.8,3.0,0.0,3.8,4.2,4.5,3.9,0.0,4.0,4.1,4.1,3.9,4.0,3.5
441,0.0,4.7,4.6,4.8,4.5,4.7,4.6,0.0,4.2,4.5,0.0,4.5,0.0,4.6,4.2,4.5,4.6,2.5,0.0
442,0.0,0.7,1.8,1.2,2.0,1.9,0.5,0.0,1.1,0.0,0.0,0.7,0.0,0.5,1.9,1.0,0.6,0.5,0.0
443,0.0,3.7,4.4,4.0,4.0,4.7,3.8,0.0,4.2,4.5,0.0,3.4,0.0,2.9,4.3,3.8,3.9,4.8,0.0
444,0.0,3.5,2.8,4.0,3.7,3.8,4.1,0.0,4.0,4.2,0.0,4.5,4.0,4.0,4.1,3.2,3.9,4.2,3.0
445,0.0,3.8,3.6,3.5,3.2,4.2,3.6,0.0,3.8,4.0,0.0,3.7,3.0,4.4,4.0,3.9,3.8,3.8,3.5
446,0.0,3.0,2.9,3.4,3.5,3.0,3.2,0.0,3.3,3.4,0.0,3.0,3.4,3.7,3.2,3.1,3.3,3.5,3.0
447,0.0,3.9,4.1,4.0,3.9,3.6,4.1,0.0,4.0,4.4,0.0,3.8,4.0,3.2,3.9,3.5,3.9,4.5,4.5
448,1.2,2.7,3.0,3.3,3.1,2.9,2.9,3.9,3.0,2.8,3.7,2.1,3.4,2.9,2.8,2.6,2.8,3.2,3.5
449,0.0,3.0,2.7,0.0,2.0,2.8,3.8,4.5,3.8,2.2,0.0,2.5,0.0,3.8,2.5,2.5,3.5,3.5,2.5
450,0.0,4.2,4.1,4.0,4.0,3.8,4.2,0.0,4.2,4.0,0.0,3.4,4.0,4.0,4.0,4.1,4.0,4.7,4.0
451,0.0,3.4,3.7,4.5,4.3,3.8,4.4,0.0,4.1,3.5,0.0,5.0,4.0,4.5,3.7,3.2,3.7,0.0,0.0
452,0.0,4.5,4.4,4.7,4.7,4.7,4.6,0.0,4.6,4.5,5.0,4.6,4.7,4.7,4.5,4.4,4.5,5.0,4.0
453,0.0,3.8,3.9,4.9,4.7,4.1,4.0,4.0,3.9,4.1,4.0,3.2,4.7,3.4,4.0,4.1,3.7,4.0,4.7
454,0.0,3.8,3.5,3.2,0.0,3.8,3.8,0.0,3.8,3.1,4.0,3.8,0.0,3.8,4.0,3.8,3.8,3.0,0.0
455,0.0,3.1,3.1,3.0,3.2,3.4,3.4,0.0,3.7,3.4,0.0,4.0,3.0,3.5,3.7,2.8,3.4,4.2,3.7
456,0.0,4.1,4.4,4.3,4.0,3.5,4.2,0.0,3.9,3.8,0.0,4.5,3.5,4.0,3.7,4.0,4.2,0.0,0.0
457,0.0,3.6,3.8,3.5,3.0,3.5,4.2,0.0,3.7,4.7,0.0,2.7,4.0,3.0,4.0,3.0,3.3,5.0,1.0
458,0.0,4.2,4.1,4.2,4.0,3.9,4.2,0.0,4.3,3.8,0.0,0.0,3.8,4.0,4.2,4.0,4.6,4.8,3.0
459,0.0,4.3,4.4,4.5,4.4,4.3,4.5,0.0,4.6,4.5,0.0,0.0,0.0,4.7,5.0,4.1,4.4,4.5,5.0
460,0.0,4.3,4.2,4.2,3.9,4.1,4.3,0.0,4.3,4.4,0.0,4.0,4.5,4.4,4.3,4.2,4.1,4.7,0.0
461,0.0,0.9,1.2,0.0,0.0,4.4,3.7,0.0,3.6,4.0,0.0,4.0,0.0,4.0,4.2,0.5,1.8,3.0,4.5
462,0.0,2.8,2.8,2.9,2.4,3.2,3.6,4.0,3.4,3.1,3.8,3.4,3.5,3.2,2.9,2.8,3.2,3.7,3.9
463,0.0,3.8,4.0,3.5,3.5,3.4,4.0,3.5,3.9,4.5,0.0,3.7,3.5,3.0,3.5,3.9,3.8,3.8,0.0
464,0.0,3.6,3.5,2.4,2.9,3.1,4.2,0.0,4.2,3.1,5.0,3.7,2.8,4.4,3.6,3.5,3.7,4.2,4.4
465,0.0,3.8,3.8,4.0,4.0,4.5,4.3,0.0,4.2,4.0,4.5,4.5,4.0,4.2,4.4,3.8,4.1,4.5,4.2
466,0.0,3.8,3.9,4.0,3.9,3.8,3.7,0.0,4.1,4.0,0.0,4.2,3.5,4.2,3.9,3.8,3.9,4.1,0.0
467,0.0,2.7,2.0,2.0,2.0,3.6,1.0,0.0,3.9,0.0,0.0,1.0,2.0,0.0,3.7,1.5,2.0,4.0,3.0
468,0.0,3.0,3.3,4.0,3.8,3.2,2.8,0.0,3.6,3.8,0.0,4.0,4.0,3.7,4.5,3.2,3.2,3.3,3.7
469,0.0,3.2,3.4,3.4,3.7,3.6,4.0,1.0,3.9,3.8,4.3,3.5,3.7,4.0,3.7,3.3,3.5,4.1,4.1
470,0.0,3.6,3.5,3.5,3.6,3.6,3.3,0.0,3.7,3.7,0.0,3.0,3.5,3.0,3.8,3.9,3.4,4.2,4.0
471,0.0,3.7,3.6,3.9,3.9,4.0,4.0,0.0,4.0,4.3,0.0,3.5,3.5,4.0,3.9,3.6,3.6,3.9,0.0
472,0.0,4.8,4.4,0.0,0.0,3.8,4.9,0.0,4.4,3.7,0.0,3.0,0.0,3.3,3.5,3.8,3.8,0.0,0.0
473,0.0,3.4,3.5,4.0,2.5,3.0,4.4,3.5,3.9,3.2,0.0,3.0,0.0,4.0,3.4,3.6,3.7,0.0,0.0
474,0.0,3.2,3.4,3.5,3.3,3.2,3.5,3.7,3.5,3.3,3.7,3.1,3.4,3.5,3.5,3.4,3.5,3.5,3.3
475,0.0,4.4,4.5,4.1,4.2,4.3,4.3,0.0,4.6,4.6,0.0,4.5,4.7,4.9,4.4,4.4,4.4,4.2,5.0
476,0.0,3.4,3.7,4.0,3.9,3.4,3.4,0.0,3.7,4.1,0.0,0.0,4.5,3.7,3.6,4.0,3.5,4.3,4.0
477,0.0,3.7,3.7,3.9,3.3,3.6,4.0,4.2,4.0,3.6,4.2,3.5,3.4,4.0,3.7,3.8,3.7,4.4,3.6
478,0.0,3.1,3.0,3.0,3.2,2.8,3.5,0.0,2.7,3.2,0.0,0.5,3.8,3.5,2.5,2.8,2.2,1.5,2.5
479,0.0,2.6,3.0,3.3,3.0,3.4,3.3,3.0,3.7,3.2,0.0,2.7,3.9,2.8,3.5,2.6,3.0,3.2,3.0
480,0.0,3.0,3.2,3.2,3.3,3.1,3.4,3.3,3.6,3.3,3.7,2.7,3.4,3.5,3.3,3.1,3.1,3.8,2.9
481,0.0,2.8,2.7,0.0,2.0,2.2,3.2,0.0,3.0,0.0,5.0,2.0,0.0,3.0,3.5,2.8,2.8,4.0,0.0
482,0.0,3.8,3.9,2.9,3.8,3.2,3.6,0.0,3.0,3.4,0.0,3.7,4.0,3.1,3.2,4.0,3.8,1.8,3.0
483,0.0,3.5,3.6,3.8,3.5,3.6,3.8,3.7,3.8,3.8,4.3,2.8,3.5,3.7,3.6,3.5,3.5,3.8,3.8
484,0.0,3.7,3.8,4.6,4.4,3.9,4.0,4.5,3.8,4.0,3.2,2.9,4.7,3.5,3.8,3.4,3.3,4.1,0.0
485,0.0,3.9,3.6,4.0,4.0,3.8,4.6,0.0,4.1,0.0,0.0,3.0,4.0,0.0,4.7,3.2,4.5,4.3,5.0
486,0.0,3.9,4.0,3.0,3.0,3.7,4.0,0.0,4.6,3.5,0.0,3.5,3.0,3.6,4.1,3.8,4.1,5.0,4.5
487,0.0,3.3,3.5,3.4,3.4,2.8,3.0,0.0,3.4,3.7,0.0,3.4,0.0,3.1,3.2,3.5,3.2,4.3,0.0
488,0.0,3.5,4.4,4.2,4.1,3.9,4.1,4.2,3.7,4.1,3.2,4.2,3.8,3.5,3.9,3.8,3.9,4.1,4.0
489,0.0,2.8,3.0,3.5,3.1,2.9,3.1,4.0,3.3,3.1,3.2,2.9,3.7,3.0,3.1,2.9,2.8,3.4,3.0
490,0.0,2.9,2.8,3.5,3.4,2.8,3.4,0.0,3.6,2.9,0.0,2.7,3.0,3.6,3.0,3.2,3.4,3.7,0.0
491,0.0,4.2,4.4,3.7,4.2,4.0,4.2,0.0,4.2,4.3,0.0,0.0,0.0,5.0,4.1,4.2,5.0,4.5,0.0
492,0.0,4.1,4.1,4.0,3.3,3.8,3.9,0.0,3.8,3.7,0.0,4.2,3.2,3.6,3.5,4.1,4.0,5.0,0.0
493,0.0,3.8,3.5,0.0,0.0,4.0,4.1,0.0,3.7,3.4,0.0,2.4,0.0,0.0,4.2,3.5,3.6,3.8,4.0
494,0.0,4.4,4.3,0.0,0.0,1.5,4.0,0.0,4.7,2.0,0.0,5.0,0.0,0.0,0.0,4.4,4.0,4.3,4.0
495,0.0,3.9,3.6,3.8,3.4,4.0,4.2,3.8,4.3,3.1,4.2,3.5,4.2,4.5,4.2,3.8,4.0,4.3,5.0
496,0.0,3.3,2.9,2.6,3.0,2.8,4.5,0.0,3.6,3.8,0.0,2.5,3.8,5.0,3.3,3.3,5.0,2.0,0.0
497,0.0,2.8,2.8,4.0,3.4,3.5,3.9,0.0,4.0,2.3,0.0,4.3,4.0,3.4,3.7,3.1,3.3,4.1,0.0
498,0.0,3.5,3.8,5.0,4.3,4.2,3.8,0.0,4.4,0.0,0.0,0.0,5.0,4.0,4.2,3.0,3.9,5.0,3.0
499,0.0,3.8,3.8,3.5,3.5,3.6,3.5,4.5,4.1,3.7,0.0,3.8,4.3,3.0,4.0,2.3,4.0,0.0,4.4
500,0.0,3.8,3.6,3.6,3.6,3.2,3.3,0.0,3.1,3.7,0.0,3.3,3.5,4.5,3.1,3.8,3.2,4.0,0.0
501,0.0,3.3,3.2,2.8,2.7,3.3,3.1,0.0,2.9,2.0,0.0,3.5,2.0,3.0,3.2,3.6,3.3,3.0,0.0
502,0.0,2.5,3.8,4.0,3.4,3.2,4.4,0.0,3.3,3.3,0.0,3.5,4.0,2.0,1.9,4.1,2.9,5.0,5.0
503,0.0,2.9,2.9,3.3,2.8,2.9,3.8,3.5,3.6,2.8,0.0,3.1,3.1,3.4,3.2,3.3,3.4,3.7,0.0
504,0.0,3.4,4.1,4.2,3.7,3.8,4.0,3.6,3.9,3.8,0.0,3.5,4.0,4.0,3.7,3.8,3.9,4.2,4.0
505,0.0,4.2,4.0,4.4,4.5,3.8,4.3,0.0,4.0,4.5,0.0,4.4,4.6,4.4,3.0,3.9,4.6,0.0,0.0
506,0.0,2.3,2.3,2.0,3.0,3.0,3.5,3.5,3.3,2.5,0.0,4.5,3.0,2.0,3.4,4.2,3.1,3.0,4.0
507,0.0,3.4,3.2,3.0,4.0,3.5,3.0,0.0,3.3,3.0,0.0,3.0,3.0,3.0,3.7,3.3,3.5,3.3,3.0
508,0.0,1.8,2.8,1.5,2.0,2.3,0.0,0.0,2.0,1.7,0.0,1.8,1.8,0.0,1.7,3.8,2.0,4.5,3.0
509,0.0,3.2,3.3,3.4,3.2,3.1,3.2,4.0,3.3,3.3,3.5,2.8,3.3,3.3,3.2,3.2,3.1,3.2,3.5
510,0.0,2.6,2.9,3.5,3.2,2.9,3.0,4.0,3.0,2.8,4.0,2.2,3.5,2.5,2.9,2.3,2.5,3.9,2.2
511,0.0,4.1,4.2,4.5,3.8,4.3,4.8,0.0,4.2,4.0,0.0,3.4,3.5,4.1,4.3,4.0,3.9,4.7,4.0
512,0.0,3.6,3.3,3.7,3.4,3.5,4.3,0.0,3.8,3.4,0.0,5.0,3.7,4.4,3.8,3.5,4.0,4.8,3.0
513,0.0,3.8,3.8,4.0,4.0,3.8,4.5,0.0,4.3,3.5,0.0,2.8,4.0,4.0,3.7,3.9,3.8,4.4,3.7
514,3.0,3.3,3.4,3.8,3.6,3.4,3.6,3.6,3.6,3.2,4.0,2.7,3.6,3.1,3.5,3.3,3.3,3.6,3.9
515,0.0,4.8,4.9,5.0,5.0,5.0,4.8,0.0,4.9,4.0,0.0,4.5,0.0,4.6,5.0,4.9,4.7,4.8,0.0
516,0.0,4.0,4.0,5.0,5.0,3.5,3.4,0.0,3.8,4.0,0.0,0.0,0.0,0.0,3.5,4.0,3.7,3.2,3.0
517,1.8,1.8,2.4,2.6,2.7,2.2,2.0,1.8,2.5,2.9,1.2,1.3,3.0,2.1,2.5,2.2,1.8,2.5,2.2
518,0.0,3.9,3.6,4.0,4.0,3.9,4.2,0.0,3.4,4.0,0.0,4.3,3.2,4.0,2.9,3.5,4.0,2.5,0.0
519,0.0,4.3,3.8,0.0,0.0,4.1,4.6,0.0,4.7,0.0,0.0,0.0,0.0,5.0,4.1,4.0,4.8,5.0,0.0
520,0.0,3.9,3.9,4.2,4.2,3.9,3.9,3.5,3.8,4.1,4.5,3.8,3.6,4.0,4.0,3.9,4.0,3.9,3.2
521,0.0,3.6,3.7,4.0,4.0,3.6,3.6,0.0,3.7,3.8,0.0,0.0,4.0,3.4,3.7,3.2,3.6,0.0,0.0
522,0.0,3.9,3.8,3.7,2.2,3.7,4.0,4.2,3.8,3.7,3.5,4.4,3.8,4.0,3.8,4.0,4.0,3.7,4.8
523,0.0,4.8,4.6,4.6,4.4,4.5,4.8,0.0,4.7,4.7,0.0,5.0,4.8,5.0,4.8,4.7,4.7,4.8,0.0
524,0.0,3.5,3.8,4.0,3.2,3.4,2.9,0.0,3.5,4.0,3.0,3.2,3.5,3.2,3.5,3.4,3.6,4.0,3.8
525,3.0,3.5,3.5,3.3,3.3,3.5,3.8,3.6,3.7,3.5,3.5,3.8,3.5,3.9,3.6,3.5,3.6,3.7,3.8
526,0.0,4.0,4.3,3.8,3.8,4.2,4.3,0.0,4.2,3.8,0.0,4.0,0.0,3.8,4.2,4.2,4.0,4.3,0.0
527,0.0,4.4,4.2,3.9,4.1,4.0,3.7,4.0,3.9,4.1,4.0,4.3,4.0,3.9,3.9,4.4,4.2,3.6,4.0
528,0.0,3.8,2.9,2.8,2.7,3.0,3.9,4.5,3.6,2.1,4.0,4.0,0.0,3.1,3.1,3.4,4.0,4.1,0.0
529,0.0,3.9,3.5,3.0,3.0,2.6,0.0,0.0,4.0,3.2,0.0,0.0,3.0,4.0,3.0,4.2,3.9,0.0,0.0
530,0.0,3.5,3.5,0.0,3.0,3.8,4.0,0.0,3.9,5.0,0.0,4.0,0.0,3.0,3.8,3.5,3.8,4.0,5.0
531,0.0,3.9,4.0,0.0,3.0,2.5,4.5,0.0,4.0,3.0,0.0,3.0,3.0,0.0,3.0,4.0,4.4,0.0,3.0
532,0.0,4.4,4.5,0.0,0.0,3.8,4.1,0.0,4.3,4.0,4.0,4.5,0.0,4.3,4.0,4.6,4.3,5.0,3.0
533,0.0,4.5,4.4,5.0,5.0,4.3,4.3,0.0,4.2,5.0,0.0,4.4,3.0,4.0,4.5,4.3,4.5,5.0,5.0
534,0.0,3.7,3.7,3.9,3.9,3.9,3.8,0.0,3.8,3.8,4.5,4.2,4.0,3.8,3.9,3.7,3.8,3.9,3.7
535,0.0,2.2,1.0,5.0,0.0,2.6,2.8,0.0,2.6,1.0,0.0,3.0,3.0,3.5,2.6,4.0,1.8,0.0,0.0
536,0.0,3.3,4.0,0.0,0.0,3.5,2.8,0.0,3.7,0.0,0.0,2.8,0.0,3.0,2.8,2.8,3.4,5.0,3.3
537,0.0,4.0,4.4,0.0,0.0,3.9,4.5,5.0,4.0,4.6,0.0,5.0,0.0,4.5,2.8,3.2,4.7,3.2,4.5
538,0.0,4.7,4.6,4.8,4.6,4.5,4.5,0.0,4.3,4.6,0.0,0.0,4.7,4.0,4.3,5.0,0.0,2.5,4.5
539,0.0,3.8,4.3,4.5,4.3,3.8,3.7,0.0,3.9,4.5,0.0,4.2,3.5,0.0,4.3,3.0,2.0,3.5,0.0
540,0.0,4.2,3.9,3.5,3.8,3.8,4.4,0.0,4.0,3.6,5.0,3.7,4.0,3.8,3.2,4.5,3.9,5.0,0.0
541,0.0,3.2,3.5,3.7,3.2,3.1,3.3,0.0,3.8,2.9,0.0,3.6,3.4,3.8,3.5,3.2,3.6,5.0,3.4
542,0.0,3.2,3.8,4.2,4.1,3.4,3.4,2.5,3.9,3.7,0.0,2.6,4.6,3.7,4.1,3.7,3.4,5.0,3.5
543,0.0,4.7,5.0,5.0,5.0,4.3,4.8,0.0,4.1,5.0,0.0,5.0,5.0,4.5,4.2,4.9,5.0,3.5,4.0
544,0.0,4.2,4.3,3.0,3.0,4.3,4.0,5.0,4.6,3.0,0.0,5.0,0.0,3.5,4.5,4.3,4.1,0.0,0.0
545,0.0,3.6,2.7,0.0,3.0,2.9,4.4,0.0,3.1,2.5,0.0,3.0,0.0,3.7,2.8,3.6,3.8,3.8,2.5
546,0.0,3.5,3.3,2.0,2.3,3.5,3.2,0.0,3.1,4.0,0.0,3.7,2.0,2.7,3.8,3.1,3.5,2.0,0.0
547,0.0,3.7,0.0,0.0,0.0,4.8,3.7,3.5,4.0,5.0,5.0,0.0,3.0,4.5,4.2,5.0,4.2,2.7,0.0
548,0.0,4.0,3.9,0.0,0.0,3.9,4.3,3.5,4.3,4.0,0.0,0.0,0.0,3.5,3.4,3.6,4.9,4.8,0.0
549,0.0,3.8,2.9,0.0,1.0,0.0,4.6,0.0,4.1,3.2,0.0,0.0,0.0,5.0,0.0,3.4,4.9,3.0,0.0
550,0.0,4.2,4.2,3.9,4.2,4.2,4.2,0.0,4.0,4.0,0.0,0.0,0.0,5.0,4.0,4.4,4.2,4.0,0.0
551,0.0,3.8,3.6,3.8,4.3,3.7,3.9,4.0,3.7,3.0,4.0,4.2,0.0,4.0,4.1,3.7,3.8,4.1,0.0
552,0.0,2.9,3.0,3.4,3.0,3.2,3.4,0.0,3.3,3.1,3.7,2.7,3.8,3.2,3.2,3.1,3.1,3.5,2.4
553,0.0,4.3,3.9,0.0,0.0,4.0,4.4,4.8,4.4,4.0,4.0,0.0,0.0,4.2,4.0,4.4,4.4,4.0,0.0
554,0.0,3.7,3.7,3.6,4.0,3.8,4.5,0.0,4.2,3.5,0.0,3.1,3.9,4.0,4.4,4.5,4.3,4.5,3.0
555,0.0,3.4,3.6,4.0,3.9,3.5,3.7,3.0,3.7,3.6,3.0,2.9,3.5,3.6,3.6,3.3,3.4,3.9,3.3
556,0.0,4.1,4.2,5.0,4.4,4.3,0.0,0.0,3.8,4.0,0.0,4.0,4.5,4.0,3.5,4.2,3.6,0.0,0.0
557,0.0,3.8,3.9,3.5,4.3,3.5,4.8,0.0,3.9,4.6,0.0,4.5,0.5,5.0,4.0,3.2,4.8,3.8,0.0
558,0.0,4.2,4.2,4.3,4.5,3.9,3.6,0.0,4.0,3.8,0.0,3.2,5.0,4.2,3.9,4.0,3.9,4.5,0.0
559,0.0,3.3,3.4,3.9,3.5,3.1,3.3,0.0,3.6,3.4,0.0,3.2,3.6,3.0,3.5,3.4,3.2,3.4,3.0
560,4.0,3.6,3.5,3.5,3.2,3.5,3.8,3.5,3.6,3.5,4.5,3.7,3.4,3.7,3.4,3.6,3.7,3.7,3.3
561,0.0,3.3,3.3,3.0,3.2,3.4,3.5,0.0,3.5,3.4,3.8,3.5,3.6,3.6,3.3,3.3,3.2,3.8,3.5
562,0.0,4.0,4.0,4.4,4.0,4.1,4.2,4.0,4.2,4.1,3.8,4.1,4.2,4.0,4.2,4.0,4.1,3.9,3.2
563,0.0,3.6,3.1,3.7,3.5,3.2,3.4,0.0,3.3,3.2,0.0,3.4,3.9,3.5,3.2,3.4,3.1,3.8,0.0
564,0.0,3.3,3.5,1.0,2.2,3.7,3.6,0.0,3.4,3.3,0.0,3.5,3.5,3.2,3.5,3.2,3.3,2.5,4.0
565,0.0,3.1,3.3,3.0,3.5,3.3,3.3,0.0,4.1,3.0,0.0,0.0,3.0,4.7,3.7,5.0,3.8,4.5,5.0
566,0.0,3.3,3.1,2.0,2.5,3.6,3.7,0.0,3.7,3.2,0.0,5.0,2.0,4.3,3.8,3.3,3.5,4.5,3.0
567,2.7,1.9,2.1,2.4,2.1,2.3,2.0,2.5,2.6,2.1,4.0,2.2,1.8,2.6,2.7,2.1,2.3,2.5,2.6
568,0.0,3.0,3.6,0.0,2.8,3.8,4.8,0.0,4.2,3.5,0.0,5.0,5.0,5.0,4.0,3.2,4.3,4.5,4.5
569,0.0,4.1,4.0,4.0,4.0,3.9,4.1,0.0,4.2,4.0,0.0,0.0,4.0,3.0,3.8,4.3,4.0,3.0,4.0
570,0.0,3.5,3.5,3.5,3.3,3.2,3.4,0.0,3.6,3.3,0.0,3.3,3.2,3.4,3.4,3.6,3.5,3.5,3.0
571,0.0,2.7,3.3,4.0,0.0,2.6,4.0,0.0,3.4,2.9,1.0,2.5,3.0,3.1,3.5,2.5,2.8,0.0,0.0
572,0.0,3.9,4.0,3.7,4.0,3.9,4.3,0.0,4.2,3.3,3.0,4.3,2.7,4.3,4.0,3.9,4.2,4.6,4.7
573,0.0,4.2,4.1,4.4,4.4,4.3,4.3,4.2,4.1,4.2,4.2,4.3,4.1,4.4,3.8,4.1,4.2,4.3,3.5
574,0.0,3.6,4.1,4.5,3.7,3.9,3.5,0.0,4.0,3.0,0.0,5.0,4.5,5.0,4.0,4.0,3.8,4.5,0.0
575,0.0,3.7,4.0,1.0,1.0,3.3,3.8,1.0,3.6,4.0,0.0,2.2,0.0,3.0,3.1,4.0,3.7,3.0,0.0
576,0.0,3.2,3.5,3.5,4.0,3.2,4.8,0.0,3.1,3.8,0.0,3.1,0.0,3.5,2.3,2.9,3.4,0.0,0.0
577,0.0,3.6,3.6,3.5,3.2,3.5,3.6,0.0,3.7,3.3,0.0,3.1,2.8,3.7,3.7,3.4,3.4,4.1,3.8
578,0.0,3.3,5.0,0.0,3.5,3.9,5.0,0.0,4.2,3.3,0.0,1.8,0.0,5.0,4.3,0.0,3.0,0.0,0.0
579,0.0,4.0,4.0,3.8,3.8,4.0,3.6,0.0,4.2,3.9,0.0,3.5,3.6,4.0,4.3,3.9,4.3,4.4,0.0
580,0.0,3.8,3.6,3.3,3.2,3.3,3.8,2.9,3.5,3.6,2.1,3.7,2.9,3.7,3.4,3.7,3.8,3.6,3.3
581,0.0,4.3,4.4,4.3,4.4,4.4,4.5,0.0,4.4,4.4,0.0,4.5,0.0,4.5,4.2,4.3,4.1,4.6,0.0
582,0.0,4.1,4.2,3.9,4.2,3.9,4.2,0.0,4.0,4.4,0.0,4.0,0.0,4.1,3.8,3.9,3.9,3.8,4.5
583,0.0,3.0,3.4,3.5,3.5,3.4,3.1,0.0,3.2,3.5,0.0,2.8,3.3,0.0,3.4,0.0,3.2,4.0,0.0
584,0.0,4.3,4.5,4.8,4.4,3.7,3.6,0.0,4.3,4.3,0.0,3.8,4.6,4.8,4.4,4.2,4.4,5.0,5.0
585,0.0,4.3,4.2,4.0,5.0,4.3,4.5,4.5,4.4,4.0,4.0,0.0,0.0,4.1,4.2,3.2,4.3,4.5,0.0
586,5.0,4.4,4.5,4.6,4.5,4.5,4.2,0.0,4.0,4.6,0.0,4.2,4.5,3.8,4.1,4.4,4.2,3.8,4.3
587,0.0,4.1,4.1,4.3,3.9,3.8,4.2,0.0,4.2,3.8,3.5,3.0,3.6,4.2,4.1,4.2,4.3,3.7,4.4
588,0.0,2.9,2.8,3.0,3.0,3.2,3.4,0.0,3.3,1.0,0.0,3.3,3.0,3.4,3.0,2.7,3.3,4.0,3.0
589,0.0,4.0,4.2,0.0,3.3,3.9,4.4,5.0,4.0,4.5,0.0,5.0,0.0,3.0,4.6,4.3,4.1,4.3,5.0
590,0.0,3.3,3.3,3.8,3.4,3.0,3.5,3.8,3.7,3.3,3.8,3.1,3.8,3.4,3.4,3.2,3.3,4.0,3.7
591,0.0,3.8,4.3,3.8,4.0,3.7,3.0,0.0,3.0,3.5,0.0,2.8,3.0,3.6,3.1,3.6,2.6,4.0,5.0
592,0.0,3.7,3.8,3.8,3.8,3.4,3.7,0.0,4.0,3.3,0.0,3.3,3.8,4.0,4.1,3.9,3.6,4.7,3.8
593,0.0,3.0,3.0,3.1,3.0,2.9,3.8,0.0,3.7,2.8,4.0,4.0,3.5,3.6,3.3,3.1,3.4,3.4,0.0
594,0.0,4.4,4.3,4.6,4.4,4.2,4.1,4.5,3.7,3.4,0.0,1.7,4.4,2.0,4.5,4.3,3.4,3.6,4.0
595,0.0,4.0,4.3,4.5,4.5,4.0,4.3,0.0,4.4,5.0,0.0,0.0,4.0,4.0,4.3,4.5,4.4,0.0,0.0
596,3.0,3.4,3.5,4.0,3.8,3.5,3.4,4.2,3.5,3.5,4.0,3.6,3.7,3.7,3.5,3.5,3.4,3.2,3.0
597,0.0,3.6,3.7,4.0,4.2,4.0,4.0,5.0,4.1,3.9,4.2,4.4,3.8,4.0,3.9,3.8,3.7,4.7,4.0
598,0.0,4.3,3.7,1.0,1.0,3.5,3.4,0.0,4.9,3.4,0.0,0.5,1.0,3.3,3.7,5.0,3.2,0.0,0.0
599,3.0,2.7,2.8,2.9,2.4,2.4,2.8,3.1,2.8,2.7,3.3,2.4,2.6,2.8,2.7,2.8,2.7,2.9,2.7
600,0.0,2.7,3.2,3.2,3.0,3.1,2.9,3.8,2.9,3.5,3.0,2.9,3.3,2.9,3.0,2.9,2.7,2.5,3.4
601,4.8,4.4,4.4,4.6,4.6,4.4,4.6,4.0,4.4,4.5,0.0,4.5,0.0,4.6,4.4,4.3,4.4,4.6,4.0
602,0.0,3.6,3.2,4.0,3.0,3.3,3.7,3.0,3.3,3.7,3.5,3.7,4.0,3.5,3.2,3.3,3.7,4.0,2.5
603,0.0,3.2,3.1,2.2,3.1,3.3,3.7,3.9,3.6,3.6,4.3,3.4,3.5,3.5,3.4,3.2,3.6,3.5,3.9
604,0.0,3.6,3.6,3.4,3.6,3.2,3.6,0.0,3.5,3.4,0.0,3.6,3.2,3.8,3.1,3.6,3.7,3.0,3.5
605,0.0,3.2,3.3,2.9,3.2,3.3,3.0,3.0,3.1,3.2,0.0,2.9,3.1,3.4,3.3,3.3,2.9,2.8,3.3
606,0.0,3.2,3.5,3.7,3.4,3.6,3.7,3.8,3.8,3.6,3.8,3.3,3.7,3.8,3.7,3.6,3.5,3.8,3.4
607,0.0,3.7,3.5,3.3,3.4,3.3,3.8,0.0,4.0,3.6,0.0,4.1,3.6,4.6,3.5,3.2,4.1,4.2,4.0
608,0.0,3.3,3.2,3.1,2.5,2.7,3.6,3.0,3.4,3.0,3.8,3.3,2.8,3.6,2.9,3.3,3.5,3.6,2.6
609,0.0,3.1,3.2,3.0,3.0,3.3,3.5,3.0,3.4,3.0,0.0,3.5,0.0,0.0,3.2,3.0,3.3,3.5,4.0
610,0.0,3.6,3.7,3.9,3.7,3.7,3.8,4.2,3.9,3.6,4.4,3.5,3.9,3.8,3.7,3.7,3.6,3.8,3.7
